,62,19,34,42,82,48,44,80,64,78,71,31,69,77,27,11,93,85,35,5,40,28,76,99,49,29,97,89,13,50,68,22,84,81,14,15,54,38,8,57,9,33,23,25,30,10,67,24,83,39,58,36,12,98,75,70,86,18,63,41,59,6,4,96,73,55,47,65,92,66,43,61,56,72,52,16,26,45,32,7,74,87,3,53,2,17,1,21,100,46,90,20,79,51,37,88,94,95,91,60
e_1,1.0,0.3527493010251631,0.45549860205032616,0.26281453867660765,0.3164026095060578,1.0,1.0,1.0,0.16309412861137,0.12325256290773533,1.0,0.3390027958993476,0.3376048462255359,0.05009319664492078,1.0,1.0,0.26770736253494876,0.16425908667287978,0.39119291705498604,0.26234855545200375,1.0,0.19874184529356942,1.0,0.03727865796831314,1.0,1.0,1.0,0.27586206896551724,1.0,1.0,1.0,0.26654240447343897,1.0,1.0,1.0,1.0,0.32805219012115566,1.0,1.0,1.0,0.22833178005591798,1.0,1.0,0.36533084808946875,0.30568499534016774,0.4147250698974837,1.0,1.0,0.4538676607642125,0.22530288909599255,1.0,1.0,1.0,1.0,1.0,1.0,1.0,1.0,0.40237651444547995,0.2653774464119292,1.0,0.3536812674743709,1.0,0.3760484622553588,0.325955265610438,1.0,1.0,1.0,1.0,0.22856477166821995,0.3140726933830382,1.0,0.36602982292637465,0.46505125815470644,1.0,0.4196178937558248,1.0,1.0,1.0,1.0,1.0,1.0,1.0,0.2649114631873253,0.4785647716682199,0.45246971109040074,1.0,1.0,0.1265144454799627,1.0,1.0,1.0,1.0,1.0,1.0,1.0,0.35181733457595527,0.4298695246971109,0.4657502329916123,0.1265144454799627
e_2,1.0,0.3532479848269322,0.4566145092460882,0.26173541963015645,0.3155523944997629,1.0,1.0,1.0,0.16192508297771455,0.12446657183499289,1.0,0.3409198672356567,0.3411569464201043,0.04883831199620673,1.0,1.0,0.26600284495021337,0.164058795637743,1.0,0.26149834044570885,1.0,0.19914651493598862,1.0,0.03698435277382646,1.0,1.0,0.48103366524419156,1.0,1.0,1.0,1.0,0.26410621147463254,0.44144144144144143,1.0,1.0,1.0,1.0,1.0,1.0,1.0,0.22807017543859648,1.0,1.0,0.36462778568041726,0.30417259364627786,0.4139402560455192,1.0,1.0,0.4518729255571361,0.22593646277856805,1.0,1.0,1.0,1.0,1.0,1.0,1.0,1.0,0.4042200094831674,0.2655286865813182,1.0,0.35490753911806544,1.0,0.3760075865339023,0.32527264106211473,1.0,1.0,1.0,1.0,0.22807017543859648,0.3131816026552869,1.0,0.3660502607871029,0.4642010431484116,1.0,0.4189189189189189,1.0,1.0,1.0,0.36533902323376005,1.0,1.0,1.0,0.26458036984352773,0.4817449027975344,0.4518729255571361,1.0,1.0,0.12588904694167852,1.0,1.0,1.0,0.46586059743954483,1.0,1.0,1.0,0.3511142721669037,0.42816500711237554,0.46752015173067807,0.12612612612612611
e_3,1.0,0.32810015898251194,0.4211049284578696,1.0,0.29848966613672495,1.0,1.0,1.0,0.1516295707472178,0.11546104928457869,1.0,0.31518282988871227,0.3106120826709062,0.04570747217806041,1.0,1.0,0.24860890302066774,0.14904610492845788,1.0,0.2444356120826709,1.0,1.0,1.0,0.0359697933227345,1.0,1.0,1.0,0.25476947535771066,1.0,1.0,1.0,0.24562798092209856,0.41017488076311603,1.0,1.0,1.0,0.2998807631160572,1.0,1.0,1.0,0.21422893481717012,1.0,1.0,0.3310810810810811,0.2802066772655008,1.0,1.0,1.0,0.4133545310015898,0.21124801271860094,1.0,1.0,1.0,1.0,1.0,1.0,1.0,1.0,1.0,0.24403815580286167,1.0,0.3257154213036566,1.0,1.0,0.3064387917329094,1.0,1.0,1.0,1.0,0.21323529411764705,0.28974562798092207,1.0,0.3360492845786963,1.0,1.0,1.0,1.0,1.0,1.0,0.33783783783783783,1.0,1.0,1.0,1.0,1.0,0.41971383147853736,1.0,1.0,0.11824324324324324,1.0,0.4058028616852146,1.0,1.0,1.0,1.0,1.0,1.0,1.0,1.0,0.11546104928457869
e_4,1.0,0.29881756756756755,0.37466216216216214,0.22449324324324324,1.0,1.0,1.0,1.0,1.0,1.0,1.0,0.28530405405405407,0.27280405405405406,0.041891891891891894,1.0,1.0,1.0,1.0,0.31908783783783784,1.0,1.0,1.0,1.0,0.03496621621621621,1.0,1.0,0.3947635135135135,0.22820945945945945,1.0,1.0,1.0,1.0,1.0,1.0,1.0,1.0,1.0,1.0,1.0,1.0,1.0,1.0,1.0,1.0,1.0,0.3535472972972973,1.0,1.0,1.0,1.0,1.0,1.0,1.0,1.0,1.0,1.0,1.0,1.0,0.32989864864864865,0.22297297297297297,0.40152027027027026,1.0,1.0,0.31351351351351353,1.0,1.0,1.0,1.0,1.0,0.19510135135135134,0.2625,1.0,1.0,1.0,1.0,1.0,1.0,1.0,1.0,0.3052364864864865,1.0,1.0,1.0,1.0,1.0,1.0,1.0,1.0,1.0,1.0,1.0,1.0,1.0,1.0,1.0,1.0,1.0,0.3589527027027027,1.0,0.10422297297297298
e_5,1.0,1.0,1.0,0.21951602765556255,1.0,1.0,1.0,1.0,0.13733500942803267,0.10292269013199246,1.0,1.0,1.0,0.04038340666247643,1.0,1.0,1.0,1.0,1.0,1.0,1.0,0.16829038340666247,1.0,0.033626649905719674,1.0,1.0,1.0,1.0,1.0,1.0,1.0,0.22595851665619107,1.0,1.0,1.0,1.0,0.2663419233186675,1.0,1.0,1.0,1.0,1.0,1.0,1.0,1.0,1.0,1.0,1.0,1.0,1.0,1.0,1.0,1.0,1.0,1.0,1.0,1.0,1.0,1.0,1.0,1.0,0.2892834695160277,1.0,1.0,1.0,1.0,1.0,1.0,1.0,1.0,0.2608422375864236,1.0,1.0,1.0,1.0,1.0,1.0,1.0,1.0,1.0,1.0,1.0,1.0,0.2174732872407291,1.0,1.0,1.0,1.0,0.10637963544940289,1.0,1.0,1.0,1.0,1.0,1.0,1.0,0.29352608422375864,1.0,1.0,0.10103708359522313
e_6,1.0,0.29664604363399544,1.0,0.22207749918593292,1.0,1.0,1.0,1.0,0.13887984369912082,0.10387495929664604,1.0,0.2841094106154347,0.27222403126017586,0.041028980788016936,1.0,1.0,1.0,1.0,0.31878866818625856,1.0,1.0,1.0,1.0,0.03402800390752198,1.0,1.0,1.0,1.0,1.0,1.0,1.0,1.0,1.0,1.0,1.0,1.0,1.0,1.0,1.0,1.0,1.0,1.0,1.0,0.2990882448713774,1.0,1.0,1.0,1.0,1.0,1.0,1.0,1.0,1.0,1.0,1.0,1.0,1.0,1.0,1.0,1.0,0.39759036144578314,1.0,1.0,0.3145555193747965,1.0,1.0,1.0,1.0,1.0,1.0,1.0,1.0,1.0,0.3837512211006187,1.0,0.35525887333116246,1.0,1.0,1.0,1.0,1.0,1.0,1.0,1.0,1.0,1.0,1.0,1.0,0.10843373493975904,1.0,1.0,1.0,1.0,1.0,1.0,1.0,1.0,1.0,0.3738196027352654,0.10322370563334418
e_7,1.0,0.3420469649977847,0.44683207797961894,0.2527691626052282,0.30682321665928225,1.0,1.0,1.0,0.15728843597696057,0.12073548958794861,1.0,0.3296411165263624,1.0,0.047408063801506424,1.0,1.0,0.25875055383252105,0.1595037660611431,1.0,0.25387682764731945,1.0,0.19384138236597254,1.0,0.0358883473637572,1.0,1.0,0.4678777137793531,0.27049180327868855,1.0,1.0,1.0,0.25587062472308375,0.42689410722197607,1.0,1.0,1.0,1.0,1.0,1.0,1.0,0.22131147540983606,1.0,1.0,0.35445281346920693,0.29508196721311475,0.4009747452370403,1.0,1.0,1.0,0.21843154630039877,1.0,1.0,1.0,1.0,1.0,1.0,1.0,1.0,1.0,0.256978289765175,1.0,0.345813026140895,1.0,0.36442179884802833,0.3161276030128489,1.0,1.0,1.0,1.0,0.22153300841825432,0.30394328754984495,1.0,0.3531236154186974,0.450376606114311,1.0,0.4078422684980062,1.0,1.0,1.0,0.35423128046078867,1.0,1.0,1.0,0.25808595480726626,1.0,0.43819229065130705,1.0,1.0,0.12317235268054941,1.0,0.42755870624723086,1.0,1.0,1.0,1.0,1.0,0.3407177669472751,0.4162605228178999,1.0,0.12184315463003988
e_8,1.0,0.3171047760088856,1.0,0.23583857830433172,0.28841169937060346,1.0,1.0,1.0,0.14827841540170308,0.10921880784894483,1.0,1.0,1.0,0.04331728989263236,1.0,1.0,0.240836727138097,0.14531654942613847,1.0,1.0,1.0,0.17956312476860423,1.0,0.03591262495372084,1.0,1.0,1.0,0.246945575712699,1.0,1.0,1.0,1.0,1.0,1.0,1.0,1.0,0.28841169937060346,1.0,1.0,1.0,0.20529433543132172,1.0,1.0,1.0,1.0,0.37115883006293965,1.0,1.0,0.3933728248796742,0.20510921880784894,1.0,1.0,1.0,1.0,1.0,1.0,1.0,1.0,1.0,1.0,0.43280266567937803,1.0,1.0,1.0,0.29470566456867825,1.0,1.0,1.0,1.0,1.0,0.2776749352091818,1.0,1.0,1.0,1.0,1.0,1.0,1.0,1.0,1.0,1.0,1.0,1.0,0.234727878563495,1.0,0.4055905220288782,1.0,1.0,0.11199555720103666,1.0,1.0,0.4224361347649019,0.4024435394298408,1.0,1.0,1.0,1.0,0.38171047760088855,0.40318400592373194,0.1112550907071455
e_9,1.0,0.3556949806949807,0.46163127413127414,0.26472007722007723,0.3187741312741313,1.0,1.0,1.0,0.16433397683397682,0.12620656370656372,1.0,0.34145752895752896,0.34025096525096526,0.05067567567567568,1.0,1.0,0.2676158301158301,0.16554054054054054,0.3950289575289575,0.2642374517374517,1.0,0.20125482625482624,1.0,0.03788610038610039,1.0,1.0,1.0,0.277992277992278,1.0,1.0,1.0,0.2668918918918919,0.44618725868725867,1.0,1.0,1.0,0.33156370656370654,0.4215733590733591,1.0,1.0,0.22972972972972974,1.0,1.0,0.3680019305019305,0.3062258687258687,0.41964285714285715,1.0,1.0,1.0,0.22707528957528958,1.0,1.0,1.0,1.0,1.0,1.0,1.0,1.0,0.40540540540540543,0.26665057915057916,1.0,0.3573841698841699,1.0,0.3795849420849421,0.32866795366795365,1.0,1.0,1.0,1.0,0.22876447876447875,0.3185328185328185,1.0,0.3667953667953668,0.46983590733590735,1.0,0.42133204633204635,1.0,1.0,1.0,0.368484555984556,1.0,1.0,1.0,0.2671332046332046,0.4831081081081081,0.45656370656370654,1.0,1.0,0.12813706563706564,1.0,0.44715250965250963,1.0,1.0,1.0,1.0,1.0,0.3547297297297297,0.4341216216216216,0.4734555984555985,1.0
e_10,1.0,1.0,1.0,1.0,1.0,1.0,1.0,1.0,0.14810810810810812,0.11135135135135135,1.0,1.0,0.2864864864864865,0.04432432432432432,1.0,1.0,1.0,0.14216216216216215,0.3362162162162162,1.0,1.0,0.18144144144144145,1.0,0.03711711711711712,1.0,1.0,0.412972972972973,0.24,1.0,1.0,1.0,1.0,1.0,1.0,1.0,1.0,1.0,1.0,1.0,1.0,0.20774774774774774,1.0,1.0,0.3131531531531532,0.26522522522522524,1.0,1.0,1.0,1.0,1.0,1.0,1.0,1.0,1.0,1.0,1.0,1.0,1.0,0.345045045045045,0.23423423423423423,0.4181981981981982,0.30414414414414415,1.0,1.0,1.0,1.0,1.0,1.0,1.0,1.0,0.2756756756756757,1.0,1.0,0.40594594594594596,1.0,1.0,1.0,1.0,1.0,0.3216216216216216,1.0,1.0,1.0,0.22972972972972974,1.0,1.0,1.0,1.0,1.0,1.0,1.0,1.0,0.3947747747747748,1.0,1.0,1.0,1.0,0.3769369369369369,0.3911711711711712,0.10828828828828829
e_11,0.41646191646191644,1.0,1.0,0.15233415233415235,1.0,0.41646191646191644,0.41646191646191644,0.41646191646191644,0.10073710073710074,0.060196560196560195,0.41646191646191644,0.19164619164619165,0.15601965601965603,0.033169533169533166,0.41646191646191644,0.41646191646191644,0.16216216216216217,0.07493857493857493,0.20147420147420148,0.15724815724815724,0.41646191646191644,0.10196560196560196,0.41646191646191644,0.03194103194103194,0.41646191646191644,0.41646191646191644,0.2334152334152334,0.14127764127764128,0.41646191646191644,0.41646191646191644,0.41646191646191644,1.0,0.25552825552825553,0.41646191646191644,1.0,0.41646191646191644,0.16093366093366093,0.1855036855036855,0.41646191646191644,0.41646191646191644,0.13022113022113022,0.41646191646191644,0.41646191646191644,0.1769041769041769,0.1547911547911548,1.0,0.41646191646191644,0.41646191646191644,0.21007371007371006,0.13636363636363635,0.41646191646191644,0.41646191646191644,0.41646191646191644,0.3955773955773956,0.41646191646191644,0.41646191646191644,0.41646191646191644,0.41646191646191644,0.18427518427518427,1.0,0.20393120393120392,0.16584766584766586,0.41646191646191644,0.20147420147420148,0.1941031941031941,0.41646191646191644,0.41646191646191644,0.41646191646191644,0.41646191646191644,0.13882063882063883,0.16584766584766586,0.41646191646191644,1.0,0.23464373464373464,0.41646191646191644,1.0,0.41646191646191644,0.41646191646191644,0.41646191646191644,1.0,0.41646191646191644,0.41646191646191644,0.41646191646191644,0.12653562653562653,0.26535626535626533,0.25675675675675674,0.41646191646191644,0.41646191646191644,0.07493857493857493,0.41646191646191644,0.22113022113022113,0.22604422604422605,0.20638820638820637,0.41646191646191644,0.41646191646191644,0.41646191646191644,0.19656019656019655,0.22727272727272727,0.1928746928746929,1.0
e_12,1.0,0.3520503261882572,0.4452469711090401,0.2618825722273998,0.3157036346691519,1.0,1.0,1.0,0.16309412861137,0.12418452935694314,1.0,1.0,0.33271202236719477,0.04962721342031687,1.0,1.0,0.2642124883504194,1.0,0.38233923578751167,0.2630475302889096,1.0,0.1999068033550792,1.0,0.03821062441752097,1.0,1.0,0.4706430568499534,0.2744641192917055,1.0,1.0,1.0,0.2637465051258155,0.4380242311276794,1.0,1.0,1.0,0.320596458527493,0.407502329916123,1.0,1.0,0.22646784715750232,1.0,1.0,1.0,1.0,1.0,1.0,1.0,0.4450139794967381,0.2267008387698043,1.0,1.0,1.0,1.0,1.0,1.0,1.0,1.0,0.396784715750233,1.0,0.4902143522833178,0.3462255358807083,1.0,0.37371854613233924,0.3271202236719478,1.0,1.0,1.0,1.0,0.2267008387698043,0.31104380242311275,1.0,0.36486486486486486,1.0,1.0,0.41332712022367196,1.0,1.0,1.0,0.3625349487418453,1.0,1.0,1.0,0.26118359739049396,0.4748369058713886,1.0,1.0,1.0,0.12488350419384903,1.0,0.43522833178005593,0.4690121155638397,0.45549860205032616,1.0,1.0,1.0,0.3483224603914259,0.42218080149114634,0.4541006523765144,0.12325256290773533
e_13,1.0,1.0,0.42661122661122663,0.24532224532224534,0.2993762993762994,1.0,1.0,1.0,0.15343035343035344,0.1182952182952183,1.0,1.0,1.0,0.04677754677754678,1.0,1.0,0.2515592515592516,0.1523908523908524,1.0,0.2494802494802495,1.0,0.18731808731808733,1.0,0.03659043659043659,1.0,1.0,0.446985446985447,1.0,1.0,1.0,1.0,0.251975051975052,0.41476091476091476,1.0,1.0,1.0,1.0,0.3841995841995842,1.0,1.0,0.21413721413721415,1.0,1.0,1.0,0.28191268191268193,0.3908523908523909,1.0,1.0,1.0,0.21413721413721415,1.0,1.0,1.0,1.0,1.0,1.0,1.0,1.0,0.372972972972973,1.0,0.4652806652806653,0.3286902286902287,1.0,0.3521829521829522,0.30914760914760914,1.0,1.0,1.0,1.0,0.21413721413721415,1.0,1.0,1.0,0.43347193347193347,1.0,0.3943866943866944,1.0,1.0,1.0,0.34303534303534305,1.0,1.0,1.0,0.24594594594594596,1.0,1.0,1.0,1.0,0.11891891891891893,1.0,0.4120582120582121,0.44324324324324327,1.0,1.0,1.0,1.0,0.32681912681912684,0.4016632016632017,1.0,0.11517671517671518
e_14,1.0,0.3338260135135135,0.4313766891891892,0.25021114864864863,0.30194256756756754,1.0,1.0,1.0,0.15561655405405406,0.1167652027027027,1.0,0.32136824324324326,0.3190456081081081,0.04708614864864865,1.0,1.0,0.25506756756756754,0.15625,0.3703547297297297,0.24894425675675674,1.0,0.19024493243243243,1.0,0.03610641891891892,1.0,1.0,1.0,0.2609797297297297,1.0,1.0,1.0,0.2516891891891892,1.0,1.0,1.0,1.0,0.3078547297297297,1.0,1.0,1.0,0.2179054054054054,1.0,1.0,0.34396114864864863,1.0,0.39463682432432434,1.0,1.0,0.4263091216216216,0.21473817567567569,1.0,1.0,1.0,1.0,1.0,1.0,1.0,1.0,1.0,0.2514780405405405,1.0,0.3355152027027027,1.0,0.3581081081081081,0.3108108108108108,1.0,1.0,1.0,1.0,0.21748310810810811,0.296875,1.0,0.3467060810810811,1.0,1.0,0.3984375,1.0,1.0,1.0,1.0,1.0,1.0,1.0,0.25253378378378377,0.45502533783783783,0.42863175675675674,1.0,1.0,0.12098817567567567,1.0,1.0,0.4552364864864865,1.0,1.0,1.0,1.0,1.0,1.0,1.0,1.0
e_15,1.0,0.3245173745173745,1.0,0.24092664092664093,0.2947876447876448,1.0,1.0,1.0,1.0,0.11505791505791506,1.0,0.3083011583011583,0.3023166023166023,0.04594594594594595,1.0,1.0,1.0,0.1476833976833977,0.3554054054054054,0.24092664092664093,1.0,0.1833976833976834,1.0,0.035907335907335906,1.0,1.0,1.0,0.2498069498069498,1.0,1.0,1.0,0.24536679536679537,1.0,1.0,1.0,1.0,1.0,0.3712355212355212,1.0,1.0,1.0,1.0,1.0,1.0,0.2743243243243243,1.0,1.0,1.0,1.0,0.2083011583011583,1.0,1.0,1.0,1.0,1.0,1.0,1.0,1.0,0.3615830115830116,0.24343629343629344,1.0,1.0,1.0,0.34343629343629345,1.0,1.0,1.0,1.0,1.0,0.21042471042471042,0.28957528957528955,1.0,0.3353281853281853,1.0,1.0,1.0,1.0,1.0,1.0,1.0,1.0,1.0,1.0,0.2418918918918919,1.0,0.4152509652509653,1.0,1.0,0.11756756756756757,1.0,0.4027027027027027,0.43281853281853283,1.0,1.0,1.0,1.0,0.3223938223938224,1.0,1.0,0.11254826254826254
e_16,1.0,0.32531796502384736,1.0,0.2386724960254372,0.29312400635930047,1.0,1.0,1.0,0.14924483306836248,0.11446740858505565,1.0,1.0,1.0,0.0435214626391097,1.0,1.0,1.0,0.15143084260731318,0.36208267090620033,0.2424483306836248,1.0,0.18481717011128776,1.0,0.03418124006359301,1.0,1.0,1.0,1.0,1.0,1.0,1.0,0.24284578696343403,0.40779014308426076,1.0,1.0,1.0,0.30067567567567566,1.0,1.0,1.0,0.21104928457869634,1.0,1.0,1.0,0.28139904610492844,0.38135930047694755,1.0,1.0,0.4117647058823529,0.20926073131955486,1.0,1.0,1.0,1.0,1.0,1.0,1.0,1.0,1.0,0.24503179650238474,1.0,1.0,1.0,0.3469793322734499,0.3010731319554849,1.0,1.0,1.0,1.0,0.2124403815580286,0.28815580286168524,1.0,0.33684419713831476,1.0,1.0,0.38930842607313193,1.0,1.0,1.0,0.3382352941176471,1.0,1.0,1.0,1.0,1.0,0.4167329093799682,1.0,1.0,0.11466613672496026,1.0,1.0,1.0,0.4236883942766296,1.0,1.0,1.0,0.32253577106518283,1.0,1.0,0.11466613672496026
e_17,1.0,1.0,0.4203521703521704,0.24918099918099917,1.0,1.0,1.0,1.0,0.15376740376740378,0.1160933660933661,1.0,0.3187960687960688,0.3132678132678133,0.04647829647829648,1.0,1.0,0.2508190008190008,0.14967239967239968,0.3617936117936118,0.24897624897624898,1.0,0.1893939393939394,1.0,0.03665028665028665,1.0,1.0,0.44185094185094187,1.0,1.0,1.0,1.0,0.2493857493857494,0.414004914004914,1.0,1.0,1.0,0.2977067977067977,0.37653562653562656,1.0,1.0,0.21621621621621623,1.0,1.0,1.0,0.2798935298935299,1.0,1.0,1.0,0.4154381654381654,0.21457821457821458,1.0,1.0,1.0,1.0,1.0,1.0,1.0,1.0,1.0,1.0,1.0,0.3224815724815725,1.0,1.0,1.0,1.0,1.0,1.0,1.0,1.0,1.0,1.0,0.3441850941850942,1.0,1.0,0.3918918918918919,1.0,1.0,1.0,1.0,1.0,1.0,1.0,0.24385749385749386,0.44963144963144963,1.0,1.0,1.0,0.1167076167076167,1.0,0.40745290745290746,0.4391891891891892,0.4238329238329238,1.0,1.0,1.0,0.32903357903357905,1.0,0.4236281736281736,0.11322686322686323
e_18,1.0,0.3310810810810811,1.0,0.2446764946764947,0.2977067977067977,1.0,1.0,1.0,0.15212940212940212,0.11547911547911548,1.0,1.0,1.0,0.046273546273546275,1.0,1.0,0.2512285012285012,0.15090090090090091,1.0,0.24672399672399672,1.0,0.1850941850941851,1.0,0.03583128583128583,1.0,1.0,1.0,0.26044226044226043,1.0,1.0,1.0,0.2502047502047502,1.0,1.0,1.0,1.0,1.0,0.38533988533988534,1.0,1.0,0.21334971334971334,1.0,1.0,1.0,0.2831695331695332,0.389025389025389,1.0,1.0,0.41953316953316955,0.2108927108927109,1.0,1.0,1.0,1.0,1.0,1.0,1.0,1.0,0.3753071253071253,1.0,1.0,0.3298525798525799,1.0,1.0,0.3073300573300573,1.0,1.0,1.0,1.0,0.21519246519246518,0.29586404586404585,1.0,1.0,0.43243243243243246,1.0,0.3955773955773956,1.0,1.0,1.0,1.0,1.0,1.0,1.0,0.2463144963144963,0.4512694512694513,0.423013923013923,1.0,1.0,0.11691236691236691,1.0,1.0,0.4438984438984439,0.4312039312039312,1.0,1.0,1.0,0.32657657657657657,1.0,1.0,0.1167076167076167
e_19,1.0,1.0,1.0,0.24054054054054055,1.0,1.0,1.0,1.0,0.14884169884169884,1.0,1.0,0.31235521235521235,1.0,0.044015444015444015,1.0,1.0,1.0,0.14613899613899614,1.0,0.24247104247104248,1.0,0.18513513513513513,1.0,0.03532818532818533,1.0,1.0,1.0,1.0,1.0,1.0,1.0,0.24343629343629344,0.4038610038610039,1.0,1.0,1.0,0.2942084942084942,0.37335907335907337,1.0,1.0,0.2111969111969112,1.0,1.0,0.32953667953667953,0.27335907335907333,1.0,1.0,1.0,0.4057915057915058,0.20984555984555986,1.0,1.0,1.0,1.0,1.0,1.0,1.0,1.0,1.0,0.24266409266409267,1.0,0.31891891891891894,1.0,0.34575289575289575,1.0,1.0,1.0,1.0,1.0,0.21158301158301157,0.2868725868725869,1.0,0.33494208494208494,1.0,1.0,1.0,1.0,1.0,1.0,0.33436293436293435,1.0,1.0,1.0,0.23938223938223938,1.0,1.0,1.0,1.0,0.11583011583011583,1.0,0.39768339768339767,1.0,0.4166023166023166,1.0,1.0,1.0,0.3225868725868726,1.0,1.0,0.111003861003861
e_20,1.0,0.3454954954954955,0.44684684684684683,0.2563063063063063,0.31036036036036035,1.0,1.0,1.0,0.15923423423423425,0.12342342342342343,1.0,0.33378378378378376,0.33153153153153153,0.048873873873873874,1.0,1.0,0.2626126126126126,0.16103603603603603,0.3831081081081081,0.2581081081081081,1.0,0.19617117117117117,1.0,0.03671171171171171,1.0,1.0,0.4734234234234234,1.0,1.0,1.0,1.0,0.2596846846846847,1.0,1.0,1.0,1.0,0.3207207207207207,1.0,1.0,1.0,0.225,1.0,1.0,1.0,0.29774774774774776,0.40675675675675677,1.0,1.0,1.0,0.22297297297297297,1.0,1.0,1.0,1.0,1.0,1.0,1.0,1.0,0.39346846846846845,0.26103603603603603,1.0,0.34684684684684686,1.0,0.36824324324324326,0.32094594594594594,1.0,1.0,1.0,1.0,0.2231981981981982,0.309009009009009,1.0,0.35923423423423423,0.45585585585585586,1.0,0.4101351351351351,1.0,1.0,1.0,0.35855855855855856,1.0,1.0,1.0,0.26013513513513514,0.47184684684684686,0.44481981981981983,1.0,1.0,0.12477477477477478,1.0,1.0,1.0,0.4572072072072072,1.0,1.0,1.0,0.3439189189189189,1.0,1.0,0.12274774774774774
e_21,1.0,1.0,1.0,1.0,1.0,1.0,1.0,1.0,0.147918188458729,0.11084733382030679,1.0,1.0,1.0,0.04364499634769905,1.0,1.0,0.2412344777209642,0.14152666179693207,1.0,0.24013878743608474,1.0,0.18261504747991233,1.0,0.03634039444850256,1.0,1.0,0.4189189189189189,0.24543462381300218,1.0,1.0,1.0,0.2412344777209642,1.0,1.0,1.0,1.0,0.28451424397370345,0.36066471877282685,1.0,1.0,1.0,1.0,1.0,0.31902848794740685,0.2680788897005113,0.3769174579985391,1.0,1.0,0.391709276844412,1.0,1.0,1.0,1.0,1.0,1.0,1.0,1.0,1.0,1.0,0.23648648648648649,1.0,0.30843681519357197,1.0,1.0,1.0,1.0,1.0,1.0,1.0,1.0,0.2779401022644266,1.0,1.0,1.0,1.0,1.0,1.0,1.0,1.0,1.0,1.0,1.0,1.0,0.23265157048940832,1.0,1.0,1.0,1.0,0.11340394448502557,1.0,0.38842220598977356,1.0,0.3984660336011687,1.0,1.0,1.0,1.0,1.0,0.4006574141709277,0.10902118334550767
e_22,1.0,0.3448198198198198,0.4452702702702703,0.25585585585585585,0.31013513513513513,1.0,1.0,1.0,0.16013513513513514,0.12004504504504504,1.0,0.33265765765765765,1.0,0.0481981981981982,1.0,1.0,0.26036036036036037,0.15900900900900902,1.0,0.2572072072072072,1.0,0.19481981981981983,1.0,0.036936936936936934,1.0,1.0,0.4677927927927928,0.26914414414414417,1.0,1.0,1.0,1.0,0.4306306306306306,1.0,1.0,1.0,1.0,1.0,1.0,1.0,0.22094594594594594,1.0,1.0,0.35518018018018016,0.29752252252252254,0.40337837837837837,1.0,1.0,0.43738738738738736,0.22004504504504505,1.0,1.0,1.0,1.0,1.0,1.0,1.0,1.0,1.0,0.25900900900900903,0.4880630630630631,0.34459459459459457,1.0,0.36734234234234237,0.31779279279279277,1.0,1.0,1.0,1.0,0.22409909909909909,0.3033783783783784,1.0,0.35855855855855856,0.45045045045045046,1.0,1.0,1.0,1.0,1.0,1.0,1.0,1.0,1.0,0.25833333333333336,0.46959459459459457,0.44076576576576576,1.0,1.0,0.12274774774774774,1.0,0.4286036036036036,1.0,1.0,1.0,1.0,1.0,0.34324324324324323,0.415990990990991,0.452027027027027,0.12342342342342343
e_23,1.0,0.327349737797499,1.0,1.0,0.29487696651875756,1.0,1.0,1.0,0.15147236789027835,0.11436062928600242,1.0,0.3106091165792658,0.3081887858007261,1.0,1.0,1.0,0.24808390480032272,0.14885034288019364,1.0,0.24203307785397338,1.0,0.18495361032674465,1.0,0.03610326744655103,1.0,1.0,0.4421137555465914,0.2527228721258572,1.0,1.0,1.0,0.2462686567164179,1.0,1.0,1.0,1.0,0.3007260992335619,0.3761597418313836,1.0,1.0,0.21218233158531666,1.0,1.0,1.0,0.2763210972166196,1.0,1.0,1.0,1.0,0.20855183541750705,1.0,1.0,1.0,1.0,1.0,1.0,1.0,1.0,0.3672851956434046,1.0,1.0,0.32412263009277936,1.0,0.34590560709963697,0.30475998386446146,1.0,1.0,1.0,1.0,0.21117386042759176,1.0,1.0,0.33763614360629285,1.0,1.0,0.3862444534086325,1.0,1.0,1.0,1.0,1.0,1.0,1.0,1.0,0.44130697862041146,0.41770875352964904,1.0,1.0,0.11799112545381202,1.0,0.40661557079467525,1.0,1.0,1.0,1.0,1.0,0.3247277127874143,0.39693424768051633,1.0,0.11355385235982252
e_24,1.0,0.3334719334719335,1.0,0.2471933471933472,0.2993762993762994,1.0,1.0,1.0,1.0,0.11746361746361747,1.0,1.0,0.3141372141372141,0.047193347193347196,1.0,1.0,0.2505197505197505,0.15176715176715178,0.3611226611226611,1.0,1.0,1.0,1.0,0.03762993762993763,1.0,1.0,0.4422037422037422,1.0,1.0,1.0,1.0,1.0,0.4139293139293139,1.0,1.0,1.0,0.3018711018711019,0.3823284823284823,1.0,1.0,0.21372141372141373,1.0,1.0,0.33866943866943866,0.28274428274428276,0.39002079002079004,1.0,1.0,1.0,0.2158004158004158,1.0,1.0,1.0,1.0,1.0,1.0,1.0,1.0,1.0,1.0,0.456964656964657,0.325987525987526,1.0,0.3525987525987526,0.3087318087318087,1.0,1.0,1.0,1.0,0.2158004158004158,0.29126819126819126,1.0,1.0,1.0,1.0,0.3945945945945946,1.0,1.0,1.0,1.0,1.0,1.0,1.0,0.24636174636174638,1.0,0.42474012474012474,1.0,1.0,0.11787941787941789,1.0,0.4095634095634096,1.0,0.42474012474012474,1.0,1.0,1.0,0.3295218295218295,0.4,0.4253638253638254,0.11538461538461539
e_25,1.0,0.3117117117117117,1.0,1.0,1.0,1.0,1.0,1.0,0.14504504504504503,0.10882882882882883,1.0,1.0,0.2904504504504504,0.04288288288288288,1.0,1.0,0.23747747747747747,0.14198198198198198,1.0,0.23459459459459459,1.0,0.17783783783783783,1.0,0.03513513513513514,1.0,1.0,1.0,1.0,1.0,1.0,1.0,0.23837837837837839,1.0,1.0,1.0,1.0,1.0,1.0,1.0,1.0,1.0,1.0,1.0,0.31405405405405407,1.0,1.0,1.0,1.0,0.38972972972972975,0.2028828828828829,1.0,1.0,1.0,1.0,1.0,1.0,1.0,1.0,0.3479279279279279,1.0,0.4243243243243243,1.0,1.0,1.0,0.29171171171171173,1.0,1.0,1.0,1.0,0.20522522522522524,1.0,1.0,1.0,0.4025225225225225,1.0,1.0,1.0,1.0,1.0,0.32144144144144143,1.0,1.0,1.0,0.23135135135135135,1.0,0.39981981981981984,1.0,1.0,0.11207207207207207,1.0,1.0,1.0,0.39747747747747747,1.0,1.0,1.0,1.0,1.0,0.39765765765765765,1.0
e_26,1.0,1.0,0.3881578947368421,0.22724039829302986,0.2807610241820768,1.0,1.0,1.0,0.14331436699857752,0.1073968705547653,1.0,1.0,1.0,0.042318634423897585,1.0,1.0,1.0,1.0,1.0,1.0,1.0,1.0,1.0,0.0346728307254623,1.0,1.0,1.0,1.0,1.0,1.0,1.0,1.0,1.0,1.0,1.0,1.0,0.2773826458036984,1.0,1.0,1.0,0.19896870554765292,1.0,1.0,1.0,1.0,0.36041963015647227,1.0,1.0,0.3808677098150782,1.0,1.0,1.0,1.0,1.0,1.0,1.0,1.0,1.0,1.0,1.0,0.4185633001422475,0.3020981507823613,1.0,0.32592460881934565,0.28698435277382645,1.0,1.0,1.0,1.0,0.20092460881934565,0.26973684210526316,1.0,1.0,0.39847083926031296,1.0,1.0,1.0,1.0,1.0,1.0,1.0,1.0,1.0,1.0,1.0,1.0,1.0,1.0,0.11024182076813656,1.0,0.37891180654338547,0.4086059743954481,0.3886913229018492,1.0,1.0,1.0,0.3045874822190612,1.0,1.0,0.10686344238975817
e_27,1.0,0.33086993243243246,0.4222972972972973,1.0,0.2998310810810811,1.0,1.0,1.0,0.15392736486486486,1.0,1.0,0.3198902027027027,1.0,0.04581925675675676,1.0,1.0,0.25021114864864863,0.15202702702702703,0.36338682432432434,1.0,1.0,1.0,1.0,0.036739864864864864,1.0,1.0,0.4432010135135135,0.2595016891891892,1.0,1.0,1.0,0.2491554054054054,0.41342905405405406,1.0,1.0,1.0,0.30215371621621623,0.38175675675675674,1.0,1.0,0.21600506756756757,1.0,1.0,1.0,0.28209459459459457,0.3918918918918919,1.0,1.0,0.4184966216216216,0.21600506756756757,1.0,1.0,1.0,1.0,1.0,1.0,1.0,1.0,1.0,0.24788851351351351,0.46030405405405406,1.0,1.0,1.0,1.0,1.0,1.0,1.0,1.0,0.21621621621621623,1.0,1.0,0.3441722972972973,0.4345439189189189,1.0,0.3927364864864865,1.0,1.0,1.0,0.34121621621621623,1.0,1.0,1.0,0.24809966216216217,1.0,1.0,1.0,1.0,0.11824324324324324,1.0,0.4092060810810811,0.44256756756756754,0.42694256756756754,1.0,1.0,1.0,0.33213682432432434,0.40244932432432434,1.0,0.11507601351351351
e_28,1.0,1.0,1.0,0.24713349713349714,0.30036855036855037,1.0,1.0,1.0,0.15335790335790336,1.0,1.0,1.0,0.31347256347256347,0.046273546273546275,1.0,1.0,0.25163800163800165,0.1506961506961507,0.36404586404586403,0.24897624897624898,1.0,0.1893939393939394,1.0,0.036855036855036855,1.0,1.0,1.0,1.0,1.0,1.0,1.0,0.2504095004095004,0.4152334152334152,1.0,1.0,1.0,1.0,0.3845208845208845,1.0,1.0,0.21621621621621623,1.0,1.0,0.3394758394758395,0.28255528255528256,0.3925061425061425,1.0,1.0,1.0,0.21437346437346438,1.0,1.0,1.0,1.0,1.0,1.0,1.0,1.0,0.37428337428337427,0.2493857493857494,0.46355446355446356,0.32882882882882886,1.0,1.0,0.3104013104013104,1.0,1.0,1.0,1.0,0.21478296478296477,0.2952497952497953,1.0,0.34459459459459457,1.0,1.0,1.0,1.0,1.0,1.0,0.3415233415233415,1.0,1.0,1.0,0.24692874692874692,1.0,0.4262899262899263,1.0,1.0,0.11834561834561834,1.0,1.0,1.0,0.43018018018018017,1.0,1.0,1.0,0.33067158067158064,1.0,1.0,0.11588861588861589
e_29,1.0,0.30196863530196866,1.0,0.2225558892225559,1.0,1.0,1.0,1.0,1.0,0.10393727060393727,1.0,1.0,1.0,0.04087420754087421,1.0,1.0,1.0,0.13680347013680347,1.0,0.22639305972639306,1.0,0.16933600266933602,1.0,0.0333667000333667,1.0,1.0,1.0,1.0,1.0,1.0,1.0,1.0,1.0,1.0,1.0,1.0,0.2727727727727728,1.0,1.0,1.0,0.1966966966966967,1.0,1.0,1.0,1.0,1.0,1.0,1.0,0.37470804137470803,0.1946946946946947,1.0,1.0,1.0,1.0,1.0,1.0,1.0,1.0,1.0,0.22739406072739407,1.0,1.0,1.0,1.0,0.2809476142809476,1.0,1.0,1.0,1.0,1.0,1.0,1.0,1.0,0.3895562228895562,1.0,1.0,1.0,1.0,1.0,1.0,1.0,1.0,1.0,0.22288955622288956,1.0,1.0,1.0,1.0,0.10710710710710711,1.0,0.37120453787120455,1.0,1.0,1.0,1.0,1.0,0.2987987987987988,1.0,1.0,1.0
e_30,1.0,1.0,0.3840956340956341,1.0,1.0,1.0,1.0,1.0,1.0,0.1094941094941095,1.0,1.0,0.27875952875952875,0.04383229383229383,1.0,1.0,0.2351004851004851,0.13756063756063755,0.3269230769230769,0.23406098406098405,1.0,1.0,1.0,0.036382536382536385,1.0,1.0,1.0,0.23371448371448372,1.0,1.0,1.0,1.0,1.0,1.0,1.0,1.0,1.0,0.34424809424809427,1.0,1.0,1.0,1.0,1.0,1.0,0.25848925848925847,1.0,1.0,1.0,1.0,1.0,1.0,1.0,1.0,1.0,1.0,1.0,1.0,1.0,0.3376645876645877,0.22851697851697853,0.40921690921690923,0.29747054747054746,1.0,1.0,1.0,1.0,1.0,1.0,1.0,1.0,1.0,1.0,0.3217255717255717,1.0,1.0,1.0,1.0,1.0,1.0,0.316008316008316,1.0,1.0,1.0,1.0,1.0,1.0,1.0,1.0,0.11191961191961192,1.0,1.0,1.0,0.3866943866943867,1.0,1.0,1.0,1.0,1.0,0.3834026334026334,0.10481635481635482
e_31,1.0,1.0,0.40749904834411876,0.23639132089836315,0.29120669965740387,1.0,1.0,1.0,0.14940997335363532,0.11210506280928816,1.0,1.0,1.0,0.044156832889227254,1.0,1.0,0.2453368861819566,0.14788732394366197,0.350970688998858,1.0,1.0,0.18100494861058242,1.0,0.03559192995812714,1.0,1.0,1.0,1.0,1.0,1.0,1.0,1.0,1.0,1.0,1.0,1.0,0.2923486867148839,1.0,1.0,1.0,0.20746098210886943,1.0,1.0,1.0,1.0,0.3747620860296917,1.0,1.0,0.40102778835173203,0.20822230681385612,1.0,1.0,1.0,1.0,1.0,1.0,1.0,1.0,0.3616292348686715,1.0,1.0,1.0,1.0,0.3405024743052912,0.29691663494480397,1.0,1.0,1.0,1.0,0.21088694328130947,0.2818804720213171,1.0,1.0,0.41644461362771223,1.0,1.0,1.0,1.0,1.0,1.0,1.0,1.0,1.0,0.23715264560334984,1.0,1.0,1.0,1.0,0.11400837457175485,1.0,1.0,1.0,0.40902169775409214,1.0,1.0,1.0,0.31633041492196423,0.3867529501332318,0.4103540159878188,0.11267605633802817
e_32,1.0,0.347856477166822,1.0,0.25745573159366264,0.31290773532152844,1.0,1.0,1.0,0.16099720410065238,0.12371854613233924,1.0,0.33574091332712025,0.3401677539608574,0.048462255358807084,1.0,1.0,0.2646784715750233,0.16239515377446412,1.0,0.25862068965517243,1.0,0.19594594594594594,1.0,0.03681267474370923,1.0,1.0,0.478331780055918,1.0,1.0,1.0,1.0,0.26048462255358806,0.4368592730661696,1.0,1.0,1.0,0.3257222739981361,1.0,1.0,1.0,0.22483690587138863,1.0,1.0,0.3620689655172414,0.3012581547064306,0.41076421248835043,1.0,1.0,0.4487418452935694,0.22250698974836905,1.0,1.0,1.0,1.0,1.0,1.0,1.0,1.0,0.4016775396085741,0.26444547996272133,1.0,1.0,1.0,0.3716216216216216,0.32129543336439886,1.0,1.0,1.0,1.0,0.2255358807082945,0.3119757688723206,1.0,0.36067101584342964,0.4599254426840634,1.0,0.41449207828518175,1.0,1.0,1.0,0.36113699906803354,1.0,1.0,1.0,0.26211556383970175,0.4771668219944082,0.44711090400745573,1.0,1.0,0.12581547064305684,1.0,0.4356943150046598,0.47739981360671013,1.0,1.0,1.0,1.0,0.34808946877912395,0.4254426840633737,1.0,0.12534948741845295
e_33,1.0,1.0,0.3647039897039897,1.0,1.0,1.0,1.0,1.0,1.0,0.1036036036036036,1.0,1.0,0.2673745173745174,0.04182754182754183,1.0,1.0,0.22474259974259975,0.13223938223938225,1.0,1.0,1.0,1.0,1.0,1.0,1.0,1.0,0.3832046332046332,0.22313384813384812,1.0,1.0,1.0,1.0,1.0,1.0,1.0,1.0,0.26206563706563707,0.32995495495495497,1.0,1.0,1.0,1.0,1.0,0.2907014157014157,1.0,1.0,1.0,1.0,1.0,1.0,1.0,1.0,1.0,1.0,1.0,1.0,1.0,1.0,1.0,0.21862934362934364,0.38770913770913773,1.0,1.0,1.0,1.0,1.0,1.0,1.0,1.0,1.0,0.25723938223938225,1.0,1.0,1.0,1.0,1.0,1.0,1.0,1.0,1.0,1.0,1.0,1.0,1.0,1.0,1.0,1.0,1.0,1.0,1.0,1.0,1.0,0.36518661518661516,1.0,1.0,1.0,1.0,1.0,0.36325611325611323,1.0
e_34,1.0,0.34514842711564026,1.0,0.25719982277359327,0.3123615418697386,1.0,1.0,1.0,0.1590607000443066,0.12228622064687639,1.0,0.32941958351794415,0.32853345148427116,0.0489587948604342,1.0,1.0,0.2609658839167036,0.15728843597696057,1.0,0.256092157731502,1.0,0.19472751439964556,1.0,0.036996012405848475,1.0,1.0,1.0,0.2687195392113425,1.0,1.0,1.0,0.25786442179884805,0.43243243243243246,1.0,1.0,1.0,0.31878599911386796,0.4007532122286221,1.0,1.0,0.22330527248560036,1.0,1.0,0.3553389455028799,0.29353123615418697,1.0,1.0,1.0,1.0,0.2193176783340718,1.0,1.0,1.0,1.0,1.0,1.0,1.0,1.0,0.3896765618077094,0.26007975188303056,1.0,0.34470536109880373,1.0,1.0,0.3221089942401418,1.0,1.0,1.0,1.0,0.2230837394771821,1.0,1.0,0.3546743464776252,0.4530350022153301,1.0,0.40894993354009745,1.0,1.0,1.0,0.35578201151971645,1.0,1.0,1.0,0.2565352237483385,0.46832077979618963,1.0,1.0,1.0,0.12383695170580417,1.0,0.4293309703145769,0.4656623836951706,1.0,1.0,1.0,1.0,0.34404076207354894,0.42224191404519273,1.0,0.12117855560478512
e_35,1.0,1.0,1.0,1.0,1.0,1.0,1.0,1.0,0.1395847066578774,0.1054713249835201,1.0,0.28691496374423203,1.0,0.04119973632168754,1.0,1.0,1.0,0.13381674357284112,1.0,1.0,1.0,1.0,1.0,0.034772577455504286,1.0,1.0,0.3937046802900461,1.0,1.0,1.0,1.0,0.22791694133157547,1.0,1.0,1.0,1.0,0.2673038892551088,0.33668424522083057,1.0,1.0,1.0,1.0,1.0,0.29878048780487804,0.2516479894528675,1.0,1.0,1.0,0.3684904416611734,1.0,1.0,1.0,1.0,0.7280817402768622,1.0,1.0,1.0,1.0,1.0,0.22330257086354646,1.0,1.0,1.0,1.0,1.0,1.0,1.0,1.0,1.0,1.0,1.0,1.0,1.0,1.0,1.0,1.0,1.0,1.0,1.0,1.0,1.0,1.0,1.0,1.0,1.0,1.0,1.0,1.0,0.10794330916282135,1.0,1.0,1.0,0.37376400791034936,1.0,1.0,1.0,1.0,1.0,1.0,0.10168094924192485
e_36,1.0,1.0,1.0,0.23932628280454368,1.0,1.0,1.0,1.0,0.14962788875832353,0.11261261261261261,1.0,1.0,1.0,0.043674108891500196,1.0,1.0,0.24696435566000782,0.14864864864864866,1.0,0.2408930669800235,1.0,0.18174696435566,1.0,0.03505679592636114,1.0,1.0,1.0,0.25499412455934195,1.0,1.0,1.0,0.24481002741872307,0.4044261652957305,1.0,1.0,1.0,1.0,1.0,1.0,1.0,0.2109283196239718,1.0,1.0,1.0,0.2790834312573443,0.38112025068546806,1.0,1.0,0.40912651782217,0.20799059929494712,1.0,1.0,1.0,1.0,1.0,1.0,1.0,1.0,1.0,0.24402663533098315,1.0,1.0,1.0,0.3462593027810419,0.3010184097140619,1.0,1.0,1.0,1.0,1.0,0.2857422640031336,1.0,0.336271053662358,1.0,1.0,1.0,1.0,1.0,1.0,0.33744614179396787,1.0,1.0,1.0,0.2418723070896984,1.0,0.4161770466118292,1.0,1.0,0.11476694085389738,1.0,0.40246768507638075,1.0,1.0,1.0,1.0,1.0,0.3219741480611046,0.39228358793576185,0.42420681551116335,0.1135918527222875
e_37,1.0,1.0,0.38495252008765524,1.0,1.0,1.0,1.0,1.0,0.14554419284149014,1.0,1.0,1.0,0.27940102264426586,1.0,1.0,1.0,0.2352081811541271,0.13842220598977356,0.3303506208911614,1.0,1.0,1.0,1.0,1.0,1.0,1.0,0.40467494521548575,0.2352081811541271,1.0,1.0,1.0,1.0,1.0,1.0,1.0,1.0,0.2768444119795471,0.34459459459459457,1.0,1.0,0.20233747260774287,1.0,1.0,0.30825420014609206,0.25712198685171656,1.0,1.0,1.0,1.0,1.0,1.0,1.0,1.0,1.0,1.0,1.0,1.0,1.0,0.337472607742878,1.0,0.414536157779401,0.29693206720233745,1.0,0.32633308984660336,1.0,1.0,1.0,1.0,1.0,0.19923301680058436,0.2720964207450694,1.0,1.0,1.0,1.0,1.0,1.0,1.0,1.0,0.3151935719503287,1.0,1.0,1.0,0.22680788897005114,0.4165449233016801,0.3975529583637692,1.0,1.0,1.0,1.0,0.37801314828341853,0.40485756026296565,1.0,1.0,1.0,1.0,1.0,1.0,1.0,0.10573411249086925
e_38,1.0,1.0,0.42461993243243246,0.24852195945945946,0.3013091216216216,1.0,1.0,1.0,1.0,0.11528716216216216,1.0,1.0,1.0,0.04581925675675676,1.0,1.0,0.2512668918918919,0.15329391891891891,0.36782094594594594,0.24957770270270271,1.0,0.18876689189189189,1.0,0.036317567567567564,1.0,1.0,0.44763513513513514,0.2611908783783784,1.0,1.0,1.0,0.25105574324324326,0.4153293918918919,1.0,1.0,1.0,0.3025760135135135,1.0,1.0,1.0,0.21516047297297297,1.0,1.0,0.3424831081081081,1.0,0.390625,1.0,1.0,0.4172297297297297,0.21431587837837837,1.0,1.0,1.0,1.0,1.0,1.0,1.0,1.0,1.0,0.24873310810810811,1.0,1.0,1.0,1.0,0.3093327702702703,1.0,1.0,1.0,1.0,1.0,0.2922297297297297,1.0,0.34607263513513514,1.0,1.0,0.3963260135135135,1.0,1.0,1.0,1.0,1.0,1.0,1.0,0.2483108108108108,0.45333614864864863,1.0,1.0,1.0,0.1171875,1.0,0.41152871621621623,0.44911317567567566,0.42863175675675674,1.0,1.0,1.0,0.33065878378378377,0.4016047297297297,0.43053209459459457,0.11782094594594594
e_39,1.0,1.0,1.0,0.23297297297297298,1.0,1.0,1.0,1.0,0.1445045045045045,0.11009009009009009,1.0,0.29963963963963963,1.0,0.0436036036036036,1.0,1.0,0.2398198198198198,0.14234234234234233,1.0,0.23387387387387387,1.0,0.17765765765765765,1.0,0.03477477477477477,1.0,1.0,1.0,0.24306306306306305,1.0,1.0,1.0,1.0,0.3935135135135135,1.0,1.0,1.0,0.2873873873873874,1.0,1.0,1.0,0.20504504504504503,1.0,1.0,0.3178378378378378,0.2663063063063063,1.0,1.0,1.0,1.0,0.20216216216216215,1.0,1.0,1.0,1.0,1.0,1.0,1.0,1.0,0.3504504504504504,1.0,1.0,1.0,1.0,0.3318918918918919,0.29225225225225226,1.0,1.0,1.0,1.0,0.20396396396396396,1.0,1.0,0.32522522522522523,0.4072072072072072,1.0,1.0,1.0,1.0,1.0,0.3223423423423423,1.0,1.0,1.0,1.0,1.0,1.0,1.0,1.0,1.0,1.0,1.0,1.0,1.0,1.0,1.0,1.0,1.0,1.0,1.0,0.10954954954954955
e_40,1.0,0.3275039745627981,1.0,0.2444356120826709,1.0,1.0,1.0,1.0,1.0,0.11466613672496026,1.0,1.0,1.0,0.04391891891891892,1.0,1.0,0.24821144674085852,0.14924483306836248,1.0,0.246422893481717,1.0,0.18700317965023847,1.0,0.0359697933227345,1.0,1.0,0.4364069952305246,1.0,1.0,1.0,1.0,0.24701907790143085,0.40659777424483307,1.0,1.0,1.0,0.29650238473767887,1.0,1.0,1.0,0.2118441971383148,1.0,1.0,0.3310810810810811,1.0,1.0,1.0,1.0,0.40620031796502387,0.21124801271860094,1.0,1.0,1.0,1.0,1.0,1.0,1.0,1.0,1.0,0.2444356120826709,0.4511128775834658,0.322933227344992,1.0,1.0,1.0,1.0,1.0,1.0,1.0,0.21462639109697934,0.28716216216216217,1.0,0.3394276629570747,0.42507949125596184,1.0,1.0,1.0,1.0,1.0,0.3366454689984102,1.0,1.0,1.0,0.24125596184419715,1.0,1.0,1.0,1.0,0.11665341812400636,1.0,0.40003974562798095,0.4374006359300477,0.4171303656597774,1.0,1.0,1.0,1.0,0.3956677265500795,1.0,0.11506359300476948
e_41,1.0,0.3494874184529357,1.0,0.2588536812674744,0.3143056849953402,1.0,1.0,1.0,0.16099720410065238,0.12255358807082944,1.0,0.33667287977632804,1.0,0.04916123019571295,1.0,1.0,0.2637465051258155,0.16262814538676607,1.0,0.26048462255358806,1.0,0.19641192917054986,1.0,0.037045666356011184,1.0,1.0,0.47809878844361603,0.2751630941286114,1.0,1.0,1.0,0.2614165890027959,0.4375582479030755,1.0,1.0,1.0,0.32548928238583413,0.41332712022367196,1.0,1.0,0.22460391425908668,1.0,1.0,1.0,0.29986020503261884,0.4112301957129543,1.0,1.0,1.0,0.2222739981360671,1.0,1.0,1.0,1.0,1.0,1.0,1.0,1.0,1.0,0.2651444547996272,1.0,0.35251630941286116,1.0,0.37418452935694313,0.32479030754892824,1.0,1.0,1.0,1.0,0.2271668219944082,0.31337371854613233,1.0,0.3613699906803355,0.46225535880708296,1.0,0.4140260950605778,1.0,1.0,1.0,0.3646318732525629,1.0,1.0,1.0,0.2625815470643057,0.47693383038210624,0.4487418452935694,1.0,1.0,0.12465051258154707,1.0,0.4361602982292637,0.4760018639328984,1.0,1.0,1.0,1.0,0.3466915191053122,0.4254426840633737,0.46691519105312207,0.12348555452003727
e_42,1.0,0.3429330970314577,0.4308817013735047,1.0,1.0,1.0,1.0,1.0,0.15972529906956137,0.12228622064687639,1.0,0.3283119184758529,0.31945059813912274,0.04873726185201595,1.0,1.0,0.2576428887904298,0.1561807709348693,0.3699601240584847,1.0,1.0,1.0,1.0,0.03921134249003101,1.0,1.0,0.45214887018165706,0.2631812140008861,1.0,1.0,1.0,0.2576428887904298,0.42711564023039433,1.0,1.0,1.0,0.3085954807266283,0.39011962782454584,1.0,1.0,0.22396987151085512,1.0,1.0,0.34470536109880373,0.2891005759858219,1.0,1.0,1.0,0.42999556933983163,1.0,1.0,1.0,1.0,1.0,1.0,1.0,1.0,1.0,1.0,0.25387682764731945,0.4698715108551174,0.3331856446610545,1.0,1.0,1.0,1.0,1.0,1.0,1.0,0.22374833850243686,0.3021710234824989,1.0,0.3540097474523704,1.0,1.0,0.4045192733717324,1.0,1.0,1.0,0.35090828533451485,1.0,1.0,1.0,0.25476295968099244,0.4632255206025698,0.44107221976074434,1.0,1.0,0.1236154186973859,1.0,0.4204696499778467,0.4554718653079309,0.4379707576428888,1.0,1.0,1.0,1.0,0.4140451927337173,0.437306158617634,0.11874169251218432
e_43,1.0,0.3441286113699907,0.44175209692451073,0.2569897483690587,0.3103448275862069,1.0,1.0,1.0,0.15936626281453867,0.12255358807082944,1.0,0.33387698042870456,1.0,0.048462255358807084,1.0,1.0,0.26048462255358806,1.0,0.38024231127679403,0.26001863932898417,1.0,0.19641192917054986,1.0,0.037045666356011184,1.0,1.0,0.4659832246039143,0.2712022367194781,1.0,1.0,1.0,0.26118359739049396,0.43336439888164024,1.0,1.0,1.0,0.3201304753028891,1.0,1.0,1.0,0.22390493942218082,1.0,1.0,0.3574091332712022,0.29916123019571295,0.40540540540540543,1.0,1.0,0.440354147250699,1.0,1.0,1.0,1.0,1.0,1.0,1.0,1.0,1.0,0.3932898415657036,0.2602516309412861,0.4862534948741845,0.3459925442684063,1.0,0.3685927306616962,0.3203634669151911,1.0,1.0,1.0,1.0,0.22367194780987884,1.0,1.0,1.0,0.45130475302889095,1.0,0.40843429636533085,1.0,1.0,1.0,0.3581081081081081,1.0,1.0,1.0,0.2597856477166822,0.46971109040074555,0.44431500465983226,1.0,1.0,0.12371854613233924,1.0,1.0,0.467381174277726,0.4517707362534949,1.0,1.0,1.0,0.3443616029822926,0.418452935694315,0.4515377446411929,1.0
e_44,1.0,0.33118192819685355,0.4171036708350141,0.24949576442113755,0.3021379588543768,1.0,1.0,1.0,0.15348931020572812,1.0,1.0,1.0,0.3055667607906414,0.04699475594997983,1.0,1.0,0.2507059298104074,0.14925373134328357,0.35518354175070593,1.0,1.0,1.0,1.0,0.03791851553045583,1.0,1.0,1.0,0.25534489713594194,1.0,1.0,1.0,0.25231948366276724,1.0,1.0,1.0,1.0,0.300121016538927,0.3755546591367487,1.0,1.0,0.21702299314239612,1.0,1.0,0.3346107301331182,0.2799515933844292,1.0,1.0,1.0,1.0,0.2172246873739411,1.0,1.0,1.0,1.0,1.0,1.0,1.0,1.0,0.3662767244856797,0.2472771278741428,0.4489713594191206,0.3219039935457846,1.0,1.0,1.0,1.0,1.0,1.0,1.0,0.21480435659540137,1.0,1.0,1.0,0.4298104074223477,1.0,1.0,1.0,1.0,1.0,0.33965308592174265,1.0,1.0,1.0,0.24384832593787817,0.4483662767244857,1.0,1.0,1.0,0.11920129084308188,1.0,1.0,1.0,0.4219443323920936,1.0,1.0,1.0,0.33098023396530857,1.0,0.4209358612343687,0.1145623235175474
e_45,1.0,0.3447091158955566,1.0,0.2572148419606047,0.3108108108108108,1.0,1.0,1.0,0.15987173614292258,0.12162162162162163,1.0,0.3337150710032066,1.0,0.048327989005955106,1.0,1.0,0.2629409070087036,0.16055886394869445,1.0,0.2576729271644526,1.0,0.1967475950526798,1.0,0.03664681630783326,1.0,1.0,0.4722858451672011,0.2730187814933578,1.0,1.0,1.0,0.25836005497022446,1.0,1.0,1.0,1.0,0.3211177278973889,0.4109024278515804,1.0,1.0,0.22331653687585892,1.0,1.0,0.3595968850206138,0.2984425103069171,0.40723774622079706,1.0,1.0,0.4418231791113147,0.2212551534585433,1.0,1.0,1.0,1.0,1.0,1.0,1.0,1.0,1.0,0.26110856619331196,1.0,1.0,1.0,0.37059092991296383,0.320659642693541,1.0,1.0,1.0,1.0,0.22514887769125058,0.3087494273934952,1.0,0.35822262940907007,0.45693999083829595,1.0,0.4113605130554283,1.0,1.0,1.0,0.36120018323408154,1.0,1.0,1.0,1.0,0.47320201557489694,0.4429683921209345,1.0,1.0,0.12414109024278516,1.0,0.4315162620247366,0.47136967475950525,0.45831424644983965,1.0,1.0,1.0,0.34516720109940446,0.4228126431516262,1.0,0.12368300503893724
e_46,1.0,1.0,0.4111685214626391,0.2420508744038156,1.0,1.0,1.0,1.0,0.15143084260731318,0.11486486486486487,1.0,1.0,0.3088235294117647,0.04431637519872814,1.0,1.0,1.0,1.0,0.3543322734499205,1.0,1.0,0.1872019077901431,1.0,0.0359697933227345,1.0,1.0,0.43342607313195547,1.0,1.0,1.0,1.0,0.24761526232114467,0.40659777424483307,1.0,1.0,1.0,0.29431637519872816,1.0,1.0,1.0,0.21204292527821939,1.0,1.0,0.33048489666136727,1.0,0.3827503974562798,1.0,1.0,0.40600158982511925,1.0,1.0,1.0,1.0,1.0,1.0,1.0,1.0,1.0,1.0,0.2444356120826709,1.0,0.3201510333863275,1.0,0.345389507154213,0.3048489666136725,1.0,1.0,1.0,1.0,0.2140302066772655,0.28318759936406995,1.0,1.0,1.0,1.0,1.0,1.0,1.0,1.0,0.33624801271860094,1.0,1.0,1.0,0.2406597774244833,1.0,1.0,1.0,1.0,0.11705087440381558,1.0,0.4018282988871224,1.0,0.4145468998410175,1.0,1.0,1.0,0.3239268680445151,0.3920906200317965,0.41693163751987283,0.11387122416534182
e_47,1.0,1.0,0.44324324324324327,1.0,0.31373873873873875,1.0,1.0,1.0,0.16171171171171173,0.12297297297297298,1.0,0.3331081081081081,0.32657657657657657,0.050225225225225226,1.0,1.0,0.26216216216216215,0.16103603603603603,0.38063063063063063,0.25900900900900903,1.0,0.1972972972972973,1.0,0.03806306306306306,1.0,1.0,0.470045045045045,0.2695945945945946,1.0,1.0,1.0,0.26103603603603603,0.4358108108108108,1.0,1.0,1.0,0.31981981981981983,0.4051801801801802,1.0,1.0,0.22612612612612612,1.0,1.0,0.35630630630630633,1.0,0.41081081081081083,1.0,1.0,1.0,0.22409909909909909,1.0,1.0,1.0,1.0,1.0,1.0,1.0,1.0,0.39234234234234233,0.26013513513513514,1.0,0.3439189189189189,1.0,0.3698198198198198,0.3240990990990991,1.0,1.0,1.0,1.0,0.22545045045045045,0.30923423423423424,1.0,0.3587837837837838,1.0,1.0,0.41081081081081083,1.0,1.0,1.0,0.359009009009009,1.0,1.0,1.0,0.2596846846846847,0.47072072072072074,1.0,1.0,1.0,0.12612612612612611,1.0,1.0,1.0,1.0,1.0,1.0,1.0,0.34684684684684686,0.42027027027027025,0.45337837837837835,0.12184684684684685
e_48,1.0,1.0,0.44301801801801804,0.25900900900900903,0.31351351351351353,1.0,1.0,1.0,0.16171171171171173,0.1222972972972973,1.0,0.3344594594594595,0.3292792792792793,0.0490990990990991,1.0,1.0,0.26238738738738737,0.1596846846846847,0.3795045045045045,0.2608108108108108,1.0,0.1972972972972973,1.0,0.03783783783783784,1.0,1.0,1.0,0.2695945945945946,1.0,1.0,1.0,1.0,0.4355855855855856,1.0,1.0,1.0,0.3195945945945946,1.0,1.0,1.0,0.22432432432432434,1.0,1.0,1.0,0.29774774774774776,0.409009009009009,1.0,1.0,1.0,0.22364864864864864,1.0,1.0,1.0,1.0,1.0,1.0,1.0,1.0,0.39144144144144144,0.2608108108108108,0.486036036036036,0.34324324324324323,1.0,0.36914414414414415,0.3225225225225225,1.0,1.0,1.0,1.0,0.2259009009009009,0.3081081081081081,1.0,0.36058558558558557,0.4551801801801802,1.0,0.4132882882882883,1.0,1.0,1.0,1.0,1.0,1.0,1.0,0.25833333333333336,0.47094594594594597,1.0,1.0,1.0,0.12432432432432433,1.0,0.4331081081081081,1.0,0.4529279279279279,1.0,1.0,1.0,1.0,0.4198198198198198,0.4497747747747748,0.1222972972972973
e_49,1.0,1.0,1.0,0.2424483306836248,0.2939189189189189,1.0,1.0,1.0,0.15023847376788554,0.11486486486486487,1.0,0.3088235294117647,0.30345786963434024,0.046104928457869634,1.0,1.0,0.24721780604133545,1.0,0.35492845786963434,0.24145468998410174,1.0,0.1842209856915739,1.0,0.03577106518282989,1.0,1.0,0.4370031796502385,0.25119236883942764,1.0,1.0,1.0,0.24383942766295708,0.4069952305246423,1.0,1.0,1.0,1.0,0.37201907790143085,1.0,1.0,1.0,1.0,1.0,1.0,0.27503974562798095,1.0,1.0,1.0,1.0,0.20985691573926868,1.0,1.0,1.0,1.0,1.0,1.0,1.0,1.0,0.3622813990461049,1.0,1.0,1.0,1.0,0.3430047694753577,1.0,1.0,1.0,1.0,1.0,0.21065182829888712,1.0,1.0,0.33644674085850557,1.0,1.0,0.38294912559618444,1.0,1.0,1.0,0.3338632750397456,1.0,1.0,1.0,1.0,1.0,0.4165341812400636,1.0,1.0,0.11764705882352941,1.0,1.0,0.43402225755166934,1.0,1.0,1.0,1.0,0.322933227344992,0.3924880763116057,0.42170111287758344,0.11248012718600954
e_50,1.0,0.32305743243243246,0.41659628378378377,1.0,0.2939189189189189,1.0,1.0,1.0,1.0,0.11465371621621621,1.0,0.31165540540540543,0.30743243243243246,0.04666385135135135,1.0,1.0,1.0,1.0,0.35831925675675674,0.24408783783783783,1.0,0.18707770270270271,1.0,0.03610641891891892,1.0,1.0,0.4396114864864865,0.2514780405405405,1.0,1.0,1.0,0.24746621621621623,1.0,1.0,1.0,1.0,0.3013091216216216,1.0,1.0,1.0,0.2126266891891892,1.0,1.0,0.3327702702702703,1.0,0.3849239864864865,1.0,1.0,0.4157516891891892,0.21157094594594594,1.0,1.0,1.0,1.0,1.0,1.0,1.0,1.0,0.36951013513513514,0.2438766891891892,0.4575591216216216,1.0,1.0,0.34628378378378377,0.3029983108108108,1.0,1.0,1.0,1.0,0.20988175675675674,0.28821790540540543,1.0,0.33868243243243246,0.42715371621621623,1.0,0.38682432432432434,1.0,1.0,1.0,0.3363597972972973,1.0,1.0,1.0,1.0,0.4419341216216216,0.4174408783783784,1.0,1.0,1.0,1.0,0.4075168918918919,0.4396114864864865,1.0,1.0,1.0,1.0,1.0,0.39442567567567566,1.0,1.0
e_51,1.0,0.322007722007722,0.4063706563706564,0.2386100386100386,0.2913127413127413,1.0,1.0,1.0,0.14826254826254825,1.0,1.0,0.3055984555984556,0.2974903474903475,0.04555984555984556,1.0,1.0,0.24478764478764478,0.1476833976833977,0.3478764478764479,0.2416988416988417,1.0,0.1837837837837838,1.0,0.036293436293436294,1.0,1.0,0.427992277992278,1.0,1.0,1.0,1.0,0.2416988416988417,1.0,1.0,1.0,1.0,0.2924710424710425,0.36428571428571427,1.0,1.0,1.0,1.0,1.0,1.0,0.2696911196911197,0.3799227799227799,1.0,1.0,1.0,1.0,1.0,1.0,1.0,1.0,1.0,1.0,1.0,1.0,0.35424710424710426,1.0,1.0,0.3150579150579151,1.0,0.33764478764478767,1.0,1.0,1.0,1.0,1.0,0.20694980694980694,1.0,1.0,1.0,1.0,1.0,0.3781853281853282,1.0,1.0,1.0,0.32837837837837835,1.0,1.0,1.0,0.23687258687258686,1.0,1.0,1.0,1.0,1.0,1.0,1.0,0.42567567567567566,1.0,1.0,1.0,1.0,0.3185328185328185,1.0,1.0,0.11003861003861004
e_52,1.0,0.3530109056424846,1.0,0.26576576576576577,0.31981981981981983,1.0,1.0,1.0,0.1638217164532954,0.12636320531057374,1.0,0.3387861545756283,0.3354670459933618,0.05097202465623518,1.0,1.0,0.2669511616880038,0.1631104788999526,0.39046941678520625,1.0,1.0,0.2034139402560455,1.0,0.0388809862494073,1.0,1.0,0.48127074442863915,0.27524893314367,1.0,1.0,1.0,0.267425320056899,0.4445234708392603,1.0,1.0,1.0,0.32716927453769556,0.4115694642010431,1.0,1.0,0.22996680891417734,1.0,1.0,0.3634423897581792,0.3013276434329066,0.42034139402560455,1.0,1.0,1.0,0.2283072546230441,1.0,1.0,1.0,1.0,1.0,1.0,1.0,1.0,0.39995258416311047,0.26671408250355616,0.4992887624466572,0.3530109056424846,1.0,0.3793266951161688,0.3311996206733049,1.0,1.0,1.0,1.0,0.22783309625414888,1.0,1.0,0.3662873399715505,0.4649122807017544,1.0,0.41797060218112847,1.0,1.0,1.0,0.36486486486486486,1.0,1.0,1.0,0.2648174490279753,0.48055950687529636,0.45519203413940257,1.0,1.0,0.12849691797060217,1.0,0.4421526789947843,0.4774774774774775,1.0,1.0,1.0,1.0,1.0,1.0,0.46586059743954483,0.1251778093883357
e_53,1.0,1.0,0.45827406353722144,0.26434329065908013,0.31934566145092463,1.0,1.0,1.0,0.164058795637743,0.12707444286391656,1.0,0.3435277382645804,0.3413940256045519,0.05002370791844476,1.0,1.0,0.26908487434803224,0.16334755808440019,0.39426268373636797,0.2648174490279753,1.0,0.2022285443338075,1.0,0.03793266951161688,1.0,1.0,1.0,1.0,1.0,1.0,1.0,0.2652916073968706,0.44333807491702226,1.0,1.0,1.0,0.328117591275486,0.4165481270744429,1.0,1.0,0.22925557136083452,1.0,1.0,0.36747273589378854,0.3032242769084874,0.4191559981033665,1.0,1.0,0.45376955903271693,0.22783309625414888,1.0,1.0,1.0,1.0,1.0,1.0,1.0,1.0,0.4058795637743006,0.2681365576102418,1.0,0.3541963015647226,1.0,0.3783783783783784,0.33025130393551444,1.0,1.0,1.0,1.0,0.2287814129919393,0.3160265528686581,1.0,0.3669985775248933,1.0,1.0,0.4215267899478426,1.0,1.0,1.0,0.36794689426268373,1.0,1.0,1.0,0.2655286865813182,1.0,0.4575628259838786,1.0,1.0,0.12660028449502134,1.0,0.44286391654812707,0.4824561403508772,0.46775723091512567,1.0,1.0,1.0,0.3532479848269322,0.43361782835467044,1.0,0.12470365101944049
e_54,1.0,0.31718146718146717,1.0,0.23474903474903475,0.28803088803088805,1.0,1.0,1.0,0.1472972972972973,0.11138996138996139,1.0,0.3061776061776062,0.30386100386100384,0.044015444015444015,1.0,1.0,1.0,1.0,1.0,0.23706563706563707,1.0,0.17857142857142858,1.0,0.03436293436293436,1.0,1.0,1.0,0.24884169884169885,1.0,1.0,1.0,0.24111969111969112,1.0,1.0,1.0,1.0,1.0,1.0,1.0,1.0,0.20752895752895753,1.0,1.0,0.327992277992278,1.0,0.37432432432432433,1.0,1.0,1.0,0.20405405405405405,1.0,1.0,1.0,1.0,1.0,1.0,1.0,1.0,1.0,1.0,1.0,1.0,1.0,0.33764478764478767,0.29498069498069496,1.0,1.0,1.0,1.0,0.20637065637065638,0.28262548262548265,1.0,0.33088803088803087,0.4167953667953668,1.0,1.0,1.0,1.0,1.0,0.3305019305019305,1.0,1.0,1.0,0.24034749034749034,0.43513513513513513,0.4069498069498069,1.0,1.0,1.0,1.0,1.0,1.0,1.0,1.0,1.0,1.0,0.31776061776061776,0.3872586872586873,1.0,0.1138996138996139
e_55,1.0,1.0,0.4158004158004158,1.0,0.29916839916839916,1.0,1.0,1.0,1.0,0.1158004158004158,1.0,0.3158004158004158,0.304989604989605,1.0,1.0,1.0,1.0,0.15051975051975053,0.35634095634095636,0.24864864864864866,1.0,0.188981288981289,1.0,0.03804573804573805,1.0,1.0,0.4395010395010395,0.2523908523908524,1.0,1.0,1.0,1.0,1.0,1.0,1.0,1.0,1.0,0.3762993762993763,1.0,1.0,0.2151767151767152,1.0,1.0,0.3365904365904366,0.27983367983367985,1.0,1.0,1.0,1.0,0.21476091476091477,1.0,1.0,1.0,1.0,1.0,1.0,1.0,1.0,0.3652806652806653,0.24885654885654887,0.4523908523908524,0.32245322245322244,1.0,0.34948024948024947,0.30997920997920997,1.0,1.0,1.0,1.0,0.21372141372141373,0.2929313929313929,1.0,1.0,1.0,1.0,0.3916839916839917,1.0,1.0,1.0,1.0,1.0,1.0,1.0,1.0,0.4451143451143451,0.4230769230769231,1.0,1.0,0.12037422037422038,1.0,1.0,0.43846153846153846,0.4261954261954262,1.0,1.0,1.0,0.3295218295218295,0.3972972972972973,0.4205821205821206,0.11538461538461539
e_56,1.0,0.3317870108914885,1.0,0.24647035094796288,1.0,1.0,1.0,1.0,0.15429608713190804,0.11617587736990723,1.0,0.3174667204517951,1.0,0.04659136748688988,1.0,1.0,1.0,0.14925373134328357,0.35962081484469544,1.0,1.0,0.1881807180314643,1.0,0.03670835014118596,1.0,1.0,1.0,0.254739814441307,1.0,1.0,1.0,1.0,1.0,1.0,1.0,1.0,0.299717628075837,0.3761597418313836,1.0,1.0,0.2144009681323114,1.0,1.0,1.0,0.27974989915288423,0.3916901976603469,1.0,1.0,1.0,0.21359419120613152,1.0,1.0,1.0,1.0,1.0,1.0,1.0,1.0,0.3691004437273094,0.2482855990318677,0.4517950786607503,0.3227107704719645,1.0,1.0,1.0,1.0,1.0,1.0,1.0,0.21581282775312627,1.0,1.0,0.345502218636547,0.42860024203307784,1.0,1.0,1.0,1.0,1.0,1.0,1.0,1.0,1.0,0.24324324324324326,0.4473578055667608,1.0,1.0,1.0,0.118192819685357,1.0,0.40863251311012505,0.4374747882210569,0.42416296893908834,1.0,1.0,1.0,0.3281565147236789,1.0,0.42214602662363854,0.11375554659136748
e_57,1.0,1.0,1.0,0.23758217677136595,1.0,1.0,1.0,1.0,0.1464572680788897,0.11249086924762601,1.0,0.29821037253469684,0.2894448502556611,0.04455807158509861,1.0,1.0,1.0,0.14225712198685173,1.0,1.0,1.0,1.0,1.0,0.03579254930606282,1.0,1.0,1.0,0.24196493791088386,1.0,1.0,1.0,0.23867786705624544,1.0,1.0,1.0,1.0,1.0,0.3559167275383492,1.0,1.0,1.0,1.0,1.0,0.3179327976625274,0.26369612856099345,1.0,1.0,1.0,1.0,0.20598977355734113,1.0,1.0,1.0,1.0,1.0,1.0,1.0,1.0,0.34861212563915267,0.23648648648648649,1.0,0.3086194302410519,1.0,0.3340029218407597,1.0,1.0,1.0,1.0,1.0,0.20471146822498174,1.0,1.0,0.32596785975164355,1.0,1.0,0.3758217677136596,1.0,1.0,1.0,0.32195032870708545,1.0,1.0,1.0,0.23319941563184807,1.0,1.0,1.0,1.0,1.0,1.0,0.38842220598977356,0.4178232286340394,1.0,1.0,1.0,1.0,1.0,1.0,1.0,0.10682980277574872
e_58,1.0,1.0,1.0,1.0,0.27222403126017586,1.0,1.0,1.0,1.0,1.0,1.0,1.0,0.2683165092803647,0.042005861282969716,1.0,1.0,1.0,0.13155323998697493,1.0,1.0,1.0,0.16883751221100618,1.0,1.0,1.0,1.0,1.0,1.0,1.0,1.0,1.0,1.0,1.0,1.0,1.0,1.0,1.0,0.32806903288831,1.0,1.0,0.19439921849560404,1.0,1.0,1.0,0.24715076522305438,1.0,1.0,1.0,1.0,1.0,1.0,1.0,1.0,0.714750895473787,1.0,1.0,1.0,1.0,0.3212308694236405,1.0,0.3910778248127646,1.0,1.0,1.0,1.0,1.0,1.0,1.0,1.0,1.0,1.0,1.0,1.0,1.0,1.0,1.0,1.0,1.0,1.0,1.0,1.0,1.0,1.0,0.21507652230543797,1.0,1.0,1.0,1.0,0.10713122761315533,1.0,1.0,0.38423966134809506,1.0,1.0,1.0,1.0,1.0,0.3537935525887333,0.36730706610224684,0.09964181048518397
e_59,1.0,0.3233306836248013,1.0,0.23887122416534182,0.29252782193958665,1.0,1.0,1.0,0.1494435612082671,0.11228139904610493,1.0,0.3125993640699523,1.0,0.04471383147853736,1.0,1.0,0.246422893481717,0.1496422893481717,1.0,0.2406597774244833,1.0,0.1836248012718601,1.0,0.03437996820349762,1.0,1.0,1.0,0.25457074721780604,1.0,1.0,1.0,0.2426470588235294,0.40659777424483307,1.0,1.0,1.0,0.2986883942766296,1.0,1.0,1.0,0.21104928457869634,1.0,1.0,0.3344594594594595,1.0,0.3811605723370429,1.0,1.0,1.0,0.20687599364069953,1.0,1.0,1.0,1.0,1.0,1.0,1.0,1.0,1.0,0.24304451510333863,1.0,1.0,1.0,0.34717806041335453,0.2992845786963434,1.0,1.0,1.0,1.0,1.0,1.0,1.0,0.3338632750397456,1.0,1.0,0.3865262321144674,1.0,1.0,1.0,1.0,1.0,1.0,1.0,1.0,0.44276629570747217,0.41534181240063595,1.0,1.0,0.11466613672496026,1.0,0.40480922098569155,1.0,0.42627186009538953,1.0,1.0,1.0,0.32213831478537364,1.0,1.0,0.11526232114467408
e_60,1.0,0.3318087318087318,1.0,0.24802494802494804,0.30124740124740124,1.0,1.0,1.0,0.15343035343035344,0.1182952182952183,1.0,0.32037422037422036,0.3182952182952183,0.04573804573804574,1.0,1.0,0.253014553014553,1.0,0.37027027027027026,0.24906444906444908,1.0,0.19022869022869024,1.0,0.03575883575883576,1.0,1.0,1.0,0.26112266112266114,1.0,1.0,1.0,0.2492723492723493,0.41871101871101873,1.0,1.0,1.0,0.3093555093555094,0.39293139293139295,1.0,1.0,0.2182952182952183,1.0,1.0,0.3422037422037422,0.28794178794178793,0.3941787941787942,1.0,1.0,1.0,0.21413721413721415,1.0,1.0,1.0,1.0,1.0,1.0,1.0,1.0,1.0,0.2498960498960499,1.0,1.0,1.0,1.0,0.3108108108108108,1.0,1.0,1.0,1.0,0.21683991683991685,0.2983367983367983,1.0,0.34324324324324323,0.4388773388773389,1.0,0.3975051975051975,1.0,1.0,1.0,0.3438669438669439,1.0,1.0,1.0,0.25176715176715175,1.0,0.42723492723492723,1.0,1.0,0.12037422037422038,1.0,1.0,1.0,1.0,1.0,1.0,1.0,1.0,1.0,1.0,0.11891891891891893
e_61,1.0,0.3296030405405405,0.42166385135135137,0.24683277027027026,0.2972972972972973,1.0,1.0,1.0,0.15434966216216217,0.11507601351351351,1.0,0.32052364864864863,1.0,0.04560810810810811,1.0,1.0,0.25021114864864863,1.0,0.36190878378378377,0.24894425675675674,1.0,0.18855574324324326,1.0,0.03568412162162162,1.0,1.0,0.4440456081081081,0.25802364864864863,1.0,1.0,1.0,0.25,0.4144847972972973,1.0,1.0,1.0,1.0,0.38661317567567566,1.0,1.0,0.21516047297297297,1.0,1.0,1.0,1.0,0.3872466216216216,1.0,1.0,0.41638513513513514,0.21368243243243243,1.0,1.0,1.0,1.0,1.0,1.0,1.0,1.0,1.0,0.2491554054054054,0.45840371621621623,0.32875844594594594,1.0,1.0,1.0,1.0,1.0,1.0,1.0,0.21558277027027026,0.29265202702702703,1.0,1.0,0.43222128378378377,1.0,0.39252533783783783,1.0,1.0,1.0,1.0,1.0,1.0,1.0,1.0,1.0,0.4235641891891892,1.0,1.0,0.11655405405405406,1.0,1.0,0.44341216216216217,0.4263091216216216,1.0,1.0,1.0,0.328125,0.3988597972972973,0.42694256756756754,1.0
e_62,1.0,0.33530405405405406,1.0,0.24852195945945946,0.3013091216216216,1.0,1.0,1.0,0.1545608108108108,0.11782094594594594,1.0,0.3234797297297297,1.0,0.046875,1.0,1.0,0.25527871621621623,0.15561655405405406,0.37309966216216217,0.24873310810810811,1.0,0.18961148648648649,1.0,0.03568412162162162,1.0,1.0,1.0,0.26161317567567566,1.0,1.0,1.0,0.2529560810810811,0.42103040540540543,1.0,1.0,1.0,1.0,0.39484797297297297,1.0,1.0,0.21684966216216217,1.0,1.0,1.0,0.2886402027027027,0.3940033783783784,1.0,1.0,0.4284206081081081,0.21389358108108109,1.0,1.0,1.0,1.0,1.0,1.0,1.0,1.0,1.0,0.25253378378378377,0.47571790540540543,0.33657094594594594,1.0,0.3578969594594595,0.31165540540540543,1.0,1.0,1.0,1.0,0.21748310810810811,0.29793074324324326,1.0,0.3467060810810811,1.0,1.0,1.0,1.0,1.0,1.0,1.0,1.0,1.0,1.0,1.0,0.45861486486486486,0.4279983108108108,1.0,1.0,0.11845439189189189,1.0,1.0,1.0,1.0,1.0,1.0,1.0,0.3327702702702703,0.4079391891891892,1.0,0.11866554054054054
e_63,1.0,0.3241255961844197,1.0,0.2420508744038156,0.29630365659777425,1.0,1.0,1.0,0.15123211446740858,1.0,1.0,0.31220190779014306,0.30405405405405406,0.04471383147853736,1.0,1.0,0.24682034976152623,0.14864864864864866,0.3543322734499205,0.24403815580286167,1.0,0.1872019077901431,1.0,0.03636724960254372,1.0,1.0,0.4342209856915739,0.2521860095389507,1.0,1.0,1.0,1.0,0.40620031796502387,1.0,1.0,1.0,1.0,1.0,1.0,1.0,1.0,1.0,1.0,0.3277027027027027,0.2764308426073132,1.0,1.0,1.0,0.4089825119236884,1.0,1.0,1.0,1.0,1.0,1.0,1.0,1.0,1.0,0.36267885532591415,0.2422496025437202,0.446939586645469,1.0,1.0,0.34459459459459457,0.3036565977742448,1.0,1.0,1.0,1.0,0.21144674085850557,0.28696343402225755,1.0,1.0,0.42150238473767887,1.0,1.0,1.0,1.0,1.0,0.3322734499205087,1.0,1.0,1.0,0.24145468998410174,1.0,1.0,1.0,1.0,0.11844197138314785,1.0,0.40222575516693165,1.0,0.417329093799682,1.0,1.0,1.0,1.0,1.0,1.0,1.0
e_64,1.0,0.3354783354783355,0.4264264264264264,0.25225225225225223,0.30394680394680396,1.0,1.0,1.0,0.1555126555126555,1.0,1.0,0.32003432003432003,0.31424281424281425,0.04676104676104676,1.0,1.0,0.2524667524667525,0.15336765336765337,0.3659373659373659,0.25117975117975117,1.0,1.0,1.0,0.03732303732303732,1.0,1.0,0.44787644787644787,0.25997425997426,1.0,1.0,1.0,0.25096525096525096,0.41806091806091805,1.0,1.0,1.0,0.3056628056628057,0.3886743886743887,1.0,1.0,1.0,1.0,1.0,0.3404118404118404,0.283998283998284,1.0,1.0,1.0,0.4247104247104247,1.0,1.0,1.0,1.0,1.0,1.0,1.0,1.0,1.0,0.3785928785928786,0.2483912483912484,1.0,1.0,1.0,0.3560703560703561,0.3151008151008151,1.0,1.0,1.0,1.0,1.0,0.29686829686829685,1.0,0.345988845988846,1.0,1.0,0.3961818961818962,1.0,1.0,1.0,0.34212784212784214,1.0,1.0,1.0,0.25053625053625056,0.4553839553839554,1.0,1.0,1.0,0.12162162162162163,1.0,0.413985413985414,1.0,0.4345774345774346,1.0,1.0,1.0,1.0,0.4069069069069069,1.0,0.11733161733161733
e_65,1.0,0.3636136136136136,0.4727227227227227,0.2702702702702703,0.32507507507507505,1.0,1.0,1.0,0.16766766766766766,0.12962962962962962,1.0,0.3485985985985986,0.3508508508508508,0.0518018018018018,1.0,1.0,0.2745245245245245,0.16891891891891891,0.4066566566566567,0.2697697697697698,1.0,0.20595595595595595,1.0,0.038288288288288286,1.0,1.0,1.0,0.2857857857857858,1.0,1.0,1.0,0.27127127127127126,0.4562062062062062,1.0,1.0,1.0,0.3385885885885886,0.43068068068068066,1.0,1.0,0.23373373373373374,1.0,1.0,0.37787787787787785,0.3123123123123123,0.4289289289289289,1.0,1.0,0.47047047047047047,0.23148148148148148,1.0,1.0,1.0,1.0,1.0,1.0,1.0,1.0,0.4159159159159159,0.27377377377377377,1.0,0.3661161161161161,1.0,0.38813813813813813,0.33633633633633636,1.0,1.0,1.0,1.0,0.23273273273273273,0.3258258258258258,1.0,0.3743743743743744,0.4817317317317317,1.0,0.43018018018018017,1.0,1.0,1.0,0.3768768768768769,1.0,1.0,1.0,0.273023023023023,0.4947447447447447,0.466966966966967,1.0,1.0,0.13088088088088087,1.0,0.45545545545545546,0.495995995995996,1.0,1.0,1.0,1.0,0.36261261261261263,0.4444444444444444,1.0,0.13013013013013014
e_66,1.0,0.340990990990991,0.44144144144144143,0.25225225225225223,0.3065315315315315,1.0,1.0,1.0,0.1581081081081081,0.12004504504504504,1.0,0.32995495495495497,1.0,0.04707207207207207,1.0,1.0,0.2574324324324324,0.15855855855855855,1.0,0.25382882882882885,1.0,0.19211711711711713,1.0,0.03626126126126126,1.0,1.0,0.4617117117117117,0.2682432432432432,1.0,1.0,1.0,0.25698198198198197,0.4277027027027027,1.0,1.0,1.0,1.0,1.0,1.0,1.0,1.0,1.0,1.0,1.0,0.29414414414414414,0.4,1.0,1.0,0.43355855855855857,0.22027027027027027,1.0,1.0,1.0,1.0,1.0,1.0,1.0,1.0,0.39076576576576577,0.2574324324324324,1.0,1.0,1.0,0.36373873873873874,0.315990990990991,1.0,1.0,1.0,1.0,1.0,0.3036036036036036,1.0,1.0,0.44797297297297295,1.0,0.404954954954955,1.0,1.0,1.0,0.3554054054054054,1.0,1.0,1.0,0.25563063063063063,0.465990990990991,0.4382882882882883,1.0,1.0,0.12139639639639639,1.0,0.4261261261261261,0.46306306306306305,0.44797297297297295,1.0,1.0,1.0,0.3387387387387387,0.4123873873873874,0.44932432432432434,0.12207207207207207
e_67,1.0,0.3329814189189189,0.4214527027027027,1.0,0.3015202702702703,1.0,1.0,1.0,0.15434966216216217,0.11739864864864864,1.0,1.0,1.0,0.04666385135135135,1.0,1.0,0.24978885135135134,0.15160472972972974,0.36338682432432434,1.0,1.0,1.0,1.0,0.037373310810810814,1.0,1.0,0.44277871621621623,1.0,1.0,1.0,1.0,0.25084459459459457,0.41427364864864863,1.0,1.0,1.0,0.30067567567567566,0.3828125,1.0,1.0,0.21516047297297297,1.0,1.0,0.3374155405405405,0.28315033783783783,1.0,1.0,1.0,0.4161739864864865,0.21642736486486486,1.0,1.0,1.0,1.0,1.0,1.0,1.0,1.0,1.0,1.0,0.45734797297297297,0.3266469594594595,1.0,1.0,0.31228885135135137,1.0,1.0,1.0,1.0,0.21600506756756757,0.29455236486486486,1.0,0.34607263513513514,0.43517736486486486,1.0,0.39463682432432434,1.0,1.0,1.0,0.34290540540540543,1.0,1.0,1.0,1.0,1.0,0.4267314189189189,1.0,1.0,0.1180320945945946,1.0,0.4096283783783784,0.4440456081081081,0.4235641891891892,1.0,1.0,1.0,1.0,1.0,0.4282094594594595,0.11613175675675676
e_68,1.0,0.32596232596232594,1.0,0.24242424242424243,0.29463554463554464,1.0,1.0,1.0,0.15233415233415235,0.11527436527436527,1.0,1.0,0.31388206388206386,0.04524979524979525,1.0,1.0,0.24877149877149876,0.15294840294840295,0.3652743652743653,0.24283374283374284,1.0,0.18468468468468469,1.0,0.03521703521703522,1.0,1.0,1.0,0.2557330057330057,1.0,1.0,1.0,0.24672399672399672,0.41134316134316135,1.0,1.0,1.0,1.0,1.0,1.0,1.0,0.21273546273546273,1.0,1.0,0.3368140868140868,1.0,0.3857493857493858,1.0,1.0,1.0,0.20904995904995904,1.0,1.0,1.0,1.0,1.0,1.0,1.0,1.0,0.3740786240786241,0.2452907452907453,1.0,1.0,1.0,1.0,0.3015970515970516,1.0,1.0,1.0,1.0,0.21273546273546273,0.29135954135954134,1.0,0.33845208845208846,0.42895167895167896,1.0,1.0,1.0,1.0,1.0,0.33886158886158885,1.0,1.0,1.0,1.0,0.447993447993448,0.41850941850941853,1.0,1.0,0.11814086814086815,1.0,0.411957411957412,1.0,1.0,1.0,1.0,1.0,0.3271908271908272,0.39946764946764945,1.0,1.0
e_69,1.0,0.32909379968203495,0.4165341812400636,0.24602543720190778,1.0,1.0,1.0,1.0,0.1534181240063593,0.11645468998410174,1.0,1.0,0.30405405405405406,0.04709856915739269,1.0,1.0,1.0,0.151033386327504,0.35453100158982515,0.24761526232114467,1.0,0.18799682034976153,1.0,0.037162162162162164,1.0,1.0,1.0,0.25298092209856915,1.0,1.0,1.0,0.2498012718600954,1.0,1.0,1.0,1.0,0.299483306836248,0.3744038155802862,1.0,1.0,0.2160174880763116,1.0,1.0,1.0,0.2790143084260731,1.0,1.0,1.0,1.0,1.0,1.0,1.0,1.0,1.0,1.0,1.0,1.0,1.0,0.36307631160572335,0.24741653418124007,0.45091414944356123,1.0,1.0,0.3481717011128776,0.3092209856915739,1.0,1.0,1.0,1.0,0.2138314785373609,1.0,1.0,1.0,1.0,1.0,0.38910969793322736,1.0,1.0,1.0,0.3382352941176471,1.0,1.0,1.0,1.0,0.44395866454689986,1.0,1.0,1.0,0.1192368839427663,1.0,1.0,0.43620826709062005,1.0,1.0,1.0,1.0,0.32690779014308424,1.0,0.4211049284578696,0.11406995230524643
e_70,1.0,1.0,1.0,1.0,1.0,1.0,1.0,1.0,0.1468705547652916,0.11024182076813656,1.0,0.29925320056899,0.29036273115220484,0.044985775248933144,1.0,1.0,1.0,0.1413584637268848,1.0,0.23559743954480797,1.0,0.17763157894736842,1.0,0.03591749644381223,1.0,1.0,1.0,0.2414651493598862,1.0,1.0,1.0,1.0,1.0,1.0,1.0,1.0,1.0,0.35490753911806544,1.0,1.0,0.20643669985775248,1.0,1.0,1.0,0.2635135135135135,1.0,1.0,1.0,0.39420341394025604,0.20394736842105263,1.0,1.0,1.0,1.0,1.0,1.0,1.0,1.0,0.3460170697012802,1.0,1.0,0.3060099573257468,1.0,0.3326813655761024,1.0,1.0,1.0,1.0,1.0,0.20465860597439545,1.0,1.0,1.0,1.0,1.0,1.0,1.0,1.0,1.0,1.0,1.0,1.0,1.0,0.23115220483641535,1.0,1.0,1.0,1.0,0.11486486486486487,1.0,1.0,0.4139402560455192,1.0,1.0,1.0,1.0,1.0,0.3796230440967283,1.0,0.1073968705547653
e_71,1.0,0.33462033462033464,1.0,0.2503217503217503,0.3030888030888031,1.0,1.0,1.0,0.15594165594165593,0.11926211926211926,1.0,0.3236808236808237,0.3213213213213213,0.04740454740454741,1.0,1.0,0.2554697554697555,0.15594165594165593,1.0,0.25075075075075076,1.0,0.19004719004719003,1.0,0.03646503646503647,1.0,1.0,1.0,0.2623337623337623,1.0,1.0,1.0,0.2526812526812527,0.4247104247104247,1.0,1.0,1.0,1.0,0.39510939510939513,1.0,1.0,0.21964821964821965,1.0,1.0,0.3477048477048477,1.0,0.39875589875589873,1.0,1.0,1.0,0.21428571428571427,1.0,1.0,1.0,1.0,1.0,1.0,1.0,1.0,0.3813813813813814,0.25396825396825395,0.4776919776919777,1.0,1.0,1.0,0.3131703131703132,1.0,1.0,1.0,1.0,0.21814671814671815,1.0,1.0,0.3483483483483483,0.4407979407979408,1.0,0.4009009009009009,1.0,1.0,1.0,0.3483483483483483,1.0,1.0,1.0,0.25375375375375375,0.4592449592449592,0.4315744315744316,1.0,1.0,0.12140712140712141,1.0,1.0,0.45645645645645644,1.0,1.0,1.0,1.0,0.33655083655083656,1.0,1.0,0.12054912054912055
e_72,1.0,1.0,0.393718042366691,1.0,1.0,1.0,1.0,1.0,1.0,0.10975164353542732,1.0,0.30113221329437545,0.2867056245434624,1.0,1.0,1.0,0.2397735573411249,0.14116143170197223,0.33655953250547843,1.0,1.0,0.18024105186267347,1.0,0.03670562454346238,1.0,1.0,1.0,0.23922571219868516,1.0,1.0,1.0,1.0,1.0,1.0,1.0,1.0,0.28305332359386415,0.3535427319211103,1.0,1.0,1.0,1.0,1.0,0.31574141709276843,1.0,1.0,1.0,1.0,1.0,0.2054419284149014,1.0,1.0,1.0,1.0,1.0,1.0,1.0,1.0,0.34459459459459457,0.23557341124908693,0.4212929145361578,0.30405405405405406,1.0,1.0,0.2974799123447772,1.0,1.0,1.0,1.0,1.0,1.0,1.0,1.0,0.40704894083272464,1.0,1.0,1.0,1.0,1.0,1.0,1.0,1.0,1.0,0.23046018991964937,1.0,1.0,1.0,1.0,0.1139517896274653,1.0,1.0,0.41344046749452157,1.0,1.0,1.0,1.0,0.314645726807889,1.0,0.3929875821767714,0.10902118334550767
e_73,1.0,0.318506006006006,1.0,1.0,1.0,1.0,1.0,1.0,0.14883633633633633,0.1111111111111111,1.0,0.3049924924924925,0.29504504504504503,0.04448198198198198,1.0,1.0,0.24305555555555555,1.0,0.34515765765765766,0.23967717717717718,1.0,0.18262012012012013,1.0,0.03547297297297297,1.0,1.0,1.0,0.24343093093093093,1.0,1.0,1.0,0.2408033033033033,1.0,1.0,1.0,1.0,0.29035285285285284,1.0,1.0,1.0,1.0,1.0,1.0,1.0,1.0,1.0,1.0,1.0,1.0,0.20814564564564564,1.0,1.0,1.0,1.0,1.0,1.0,1.0,1.0,1.0,0.23723723723723725,0.4376876876876877,0.3138138138138138,1.0,1.0,1.0,1.0,1.0,1.0,1.0,1.0,0.283033033033033,1.0,0.32957957957957956,1.0,1.0,0.3795045045045045,1.0,1.0,1.0,0.32901651651651653,1.0,1.0,1.0,0.23704954954954954,0.43186936936936937,1.0,1.0,1.0,0.11524024024024024,1.0,1.0,1.0,1.0,1.0,1.0,1.0,1.0,0.38569819819819817,0.40634384384384387,0.1111111111111111
e_74,1.0,1.0,0.4005255255255255,1.0,1.0,1.0,1.0,1.0,1.0,0.11167417417417418,1.0,0.30405405405405406,0.2926051051051051,0.046546546546546545,1.0,1.0,1.0,0.14226726726726727,1.0,0.2408033033033033,1.0,0.18262012012012013,1.0,0.03753753753753754,1.0,1.0,0.4206081081081081,0.24324324324324326,1.0,1.0,1.0,1.0,1.0,1.0,1.0,1.0,0.28622372372372373,0.35867117117117114,1.0,1.0,0.20852102102102102,1.0,1.0,0.3201951951951952,0.2678303303303303,1.0,1.0,1.0,0.3978978978978979,0.20833333333333334,1.0,1.0,1.0,1.0,1.0,1.0,1.0,1.0,0.3519144144144144,1.0,1.0,0.30743243243243246,1.0,1.0,1.0,1.0,1.0,1.0,1.0,0.20852102102102102,0.2817192192192192,1.0,1.0,1.0,1.0,1.0,1.0,1.0,1.0,1.0,1.0,1.0,1.0,0.2332957957957958,0.4299924924924925,1.0,1.0,1.0,1.0,1.0,0.3902027027027027,0.4179804804804805,1.0,1.0,1.0,1.0,1.0,1.0,0.40315315315315314,0.1097972972972973
e_75,1.0,1.0,0.3920697012802276,1.0,0.28787339971550496,1.0,1.0,1.0,0.1466927453769559,0.10917496443812233,1.0,1.0,0.28787339971550496,0.04338549075391181,1.0,1.0,1.0,0.14206970128022758,0.335348506401138,0.23666429587482218,1.0,1.0,1.0,0.03538406827880512,1.0,1.0,1.0,0.23986486486486486,1.0,1.0,1.0,0.23826458036984352,1.0,1.0,1.0,1.0,1.0,1.0,1.0,1.0,1.0,1.0,1.0,0.31347795163584635,1.0,1.0,1.0,1.0,0.3886913229018492,0.20483641536273114,1.0,1.0,1.0,1.0,1.0,1.0,1.0,1.0,1.0,0.23204125177809387,0.42069701280227595,0.3042318634423898,1.0,1.0,1.0,1.0,1.0,1.0,1.0,0.20608108108108109,1.0,1.0,0.32521337126600286,1.0,1.0,1.0,1.0,1.0,1.0,1.0,1.0,1.0,1.0,1.0,1.0,1.0,1.0,1.0,0.1121977240398293,1.0,1.0,1.0,0.3936699857752489,1.0,1.0,1.0,1.0,1.0,0.39349217638691325,0.10828591749644381
