,98,19,74,23,40,81,95,24,90,50,61,60,17,31,3,7,87,22,41,1,66,82,65,63,4,92,69,25,79,85,100,30,38,52,57,53,75,44,59,11,67,14,35,6,73,91,62,51,15,80,37,21,12,56,84,8,32,16,2,39,26,72,76,47,33,55,71,64,29,99,97,58,86,13,96,27,5,48,9,18,54,10,42,45,77,88,49,68,46,20,94,28,43,78,34,93,36,89,70,83
e_1,1,0,1,1,1,1,0,1,1,1,1,0,0,0,1,1,1,0,0,1,0,0,1,0,1,1,0,0,1,0,0,0,1,1,1,0,1,1,1,1,1,1,0,0,0,0,1,1,1,1,1,1,1,0,1,1,1,0,0,0,1,0,1,1,1,1,1,0,1,0,1,1,1,1,0,1,0,1,0,1,0,0,0,1,0,1,1,1,1,1,0,0,0,0,0,0,1,0,1,0
e_2,1,0,1,1,1,1,0,1,1,1,1,0,0,0,1,0,1,0,0,1,0,0,1,0,1,1,0,0,0,0,0,0,1,1,1,0,1,1,1,1,1,1,1,0,0,0,1,1,1,1,1,1,1,0,0,1,1,0,0,0,1,0,1,1,1,1,1,0,1,0,0,1,1,1,0,1,0,1,0,1,1,0,0,1,0,1,1,1,1,1,0,0,0,0,0,0,1,1,1,0
e_3,1,0,1,1,1,1,1,1,0,1,1,0,0,0,1,0,1,0,0,1,0,0,1,1,1,1,0,0,1,0,0,0,1,1,1,1,1,1,1,1,1,1,1,0,0,1,1,1,1,1,1,1,1,0,0,1,1,1,1,0,1,1,1,1,1,1,1,0,1,0,1,1,1,1,1,1,0,1,0,1,0,1,1,1,0,1,1,1,1,1,1,1,0,0,0,0,1,0,1,0
e_4,1,0,1,1,1,1,0,1,1,1,1,0,1,0,1,0,1,1,0,1,0,1,1,0,1,1,0,1,1,1,1,1,1,1,1,1,1,1,0,1,1,1,0,1,1,1,1,1,1,1,1,1,1,1,1,1,1,1,1,1,1,1,1,1,1,1,1,1,1,0,0,1,1,1,0,1,1,1,1,1,1,0,0,1,0,1,1,1,1,1,1,1,0,1,0,1,1,0,1,1
e_5,1,1,1,1,1,1,1,1,1,1,1,0,1,1,1,1,1,0,1,1,1,1,1,1,1,1,1,1,1,1,0,1,1,1,1,0,1,1,1,1,1,1,1,0,1,1,1,1,1,1,1,1,1,1,1,1,1,1,1,1,1,1,1,1,1,1,1,0,1,0,1,1,1,1,1,1,1,1,1,1,0,1,0,1,0,1,1,1,1,1,0,0,0,0,1,1,1,1,1,1
e_6,1,0,1,1,1,1,1,1,1,1,1,0,1,0,1,1,1,1,1,1,1,1,1,1,1,1,0,0,1,1,0,1,1,1,1,1,1,1,0,1,1,1,0,1,1,0,1,1,1,1,1,1,1,1,1,1,1,0,1,1,1,0,1,1,1,1,1,0,1,0,1,1,1,1,0,1,1,1,1,1,1,1,0,1,0,1,1,1,1,1,1,1,1,0,1,1,1,1,1,1
e_7,1,0,1,1,1,1,0,1,0,1,1,0,0,0,1,0,1,0,0,1,0,0,1,1,1,1,1,0,1,0,0,0,1,1,1,0,1,1,1,1,1,1,1,0,0,1,1,1,1,1,1,1,1,0,0,1,1,0,1,0,1,0,1,1,1,1,1,0,1,0,0,1,1,1,0,1,0,1,0,1,1,0,0,1,0,1,1,1,1,1,0,0,0,0,0,0,1,0,1,1
e_8,1,0,1,1,1,1,0,1,1,1,1,0,0,1,1,1,1,1,1,1,1,0,1,1,1,1,1,1,0,0,0,1,1,1,1,0,1,1,0,1,1,1,1,1,0,0,1,1,1,1,1,1,1,1,1,1,1,1,1,0,1,1,1,1,1,1,1,0,1,0,1,1,1,1,1,1,1,1,0,1,0,0,0,1,0,1,1,1,1,0,1,0,0,0,1,0,1,0,1,0
e_9,1,0,1,1,1,1,0,1,0,1,1,1,0,0,1,0,1,0,0,1,0,0,1,0,1,1,0,0,1,0,0,0,0,1,1,0,1,1,1,1,1,1,0,0,0,0,1,1,1,1,1,1,1,0,0,1,1,0,0,0,1,0,1,1,1,1,1,0,1,0,1,1,1,1,0,1,0,1,0,1,0,0,0,1,0,1,1,1,1,1,0,0,0,0,0,0,1,0,1,1
e_10,1,1,1,1,1,1,0,1,1,1,1,0,1,1,1,0,1,1,0,1,1,1,1,0,1,1,0,0,0,0,1,0,1,1,1,0,1,1,0,1,1,1,0,0,1,0,1,1,1,1,1,1,1,1,1,1,1,1,1,1,1,0,1,1,1,1,1,0,1,0,0,1,1,1,1,1,1,1,0,1,1,1,1,1,0,1,1,1,1,1,1,0,0,0,1,1,1,0,1,1
e_11,0,1,0,0,0,0,0,0,0,0,0,1,0,0,0,1,0,1,1,0,0,1,0,0,0,0,0,0,0,0,0,0,0,0,0,0,0,0,0,0,0,1,0,0,0,0,0,0,0,0,0,0,0,1,0,0,0,1,0,0,0,0,0,0,0,0,0,0,0,0,0,0,0,0,0,0,0,0,0,0,0,1,0,0,0,0,0,0,0,0,0,0,0,0,1,0,0,0,0,0
e_12,1,0,1,1,1,1,0,1,0,1,1,0,1,1,1,0,1,0,1,1,0,0,1,0,1,1,0,1,0,1,0,1,0,1,1,0,1,1,0,1,1,1,0,0,0,0,1,1,1,1,1,1,1,0,0,1,1,0,0,0,1,1,1,1,1,1,1,0,1,0,0,1,1,1,0,1,0,1,0,1,0,1,0,1,0,1,1,1,1,0,0,0,0,0,0,0,1,0,1,0
e_13,1,1,1,1,1,1,0,1,0,1,1,0,1,1,1,0,1,0,1,1,0,0,1,0,1,1,1,1,1,0,0,0,0,1,1,0,1,1,0,1,1,1,1,0,0,1,1,1,1,1,1,1,1,1,0,1,1,0,1,0,1,0,1,1,1,1,1,0,1,0,0,1,1,1,0,1,0,1,0,1,1,0,0,1,0,1,1,1,1,0,0,0,1,0,0,0,1,1,1,1
e_14,1,0,1,1,1,1,1,1,1,1,1,1,0,0,1,1,1,0,0,1,0,0,1,1,1,1,0,0,1,0,0,1,1,1,1,0,1,1,1,1,1,1,0,0,0,1,1,1,1,1,1,1,1,0,1,1,1,0,0,0,1,1,1,1,1,1,1,0,1,0,1,1,1,1,0,1,0,1,0,1,0,0,0,1,0,1,1,1,1,0,1,0,0,0,0,0,1,0,1,0
e_15,1,0,1,1,1,1,1,1,0,1,1,0,0,0,1,1,1,0,0,1,0,0,1,0,1,1,0,1,1,0,0,0,0,1,1,0,1,1,1,1,1,1,0,1,1,1,1,1,1,1,1,1,1,0,1,1,1,1,1,0,1,1,1,1,1,1,1,1,1,0,1,1,1,1,0,1,0,1,1,1,1,1,0,1,0,1,1,1,1,0,0,0,0,0,1,1,1,0,1,1
e_16,1,0,1,1,1,1,1,1,1,1,1,0,0,1,1,0,1,0,0,1,0,0,1,1,1,1,1,1,0,0,0,0,1,1,1,1,1,1,1,1,1,1,0,1,0,1,1,1,1,1,1,1,1,0,0,1,1,0,1,0,1,1,1,1,1,1,1,0,1,0,1,1,1,1,0,1,0,1,0,1,0,0,0,1,0,1,1,1,1,1,0,0,0,0,1,1,1,1,1,0
e_17,1,1,1,1,1,1,1,1,0,1,1,0,1,0,1,1,1,0,1,1,1,1,1,1,1,1,0,1,0,0,0,0,0,1,1,0,1,1,1,1,1,1,0,0,1,0,1,1,1,1,1,1,1,0,0,1,1,0,0,0,1,1,1,1,1,1,1,0,1,0,0,1,1,1,1,1,0,1,0,1,0,1,0,1,0,1,1,1,1,0,0,0,1,0,0,0,1,1,1,0
e_18,1,0,1,1,1,1,1,1,1,1,1,0,0,1,1,1,1,0,1,1,0,0,1,0,1,1,1,1,0,0,0,0,0,1,1,0,1,1,1,1,1,1,1,0,0,1,1,1,1,1,1,1,1,1,1,1,1,0,0,0,1,0,1,1,1,1,1,0,1,0,1,1,1,1,1,1,0,1,0,1,1,0,0,1,0,1,1,1,1,0,0,0,0,0,1,0,1,0,1,0
e_19,1,1,1,1,1,1,1,1,0,1,1,0,1,0,1,0,1,0,0,1,0,1,1,1,1,1,1,0,0,0,0,0,0,1,1,0,1,1,1,1,1,1,1,0,1,1,1,1,1,1,1,1,1,0,0,1,1,1,1,0,1,1,1,1,1,1,1,0,1,0,1,1,1,1,0,1,0,1,0,1,0,1,0,1,0,1,1,1,1,1,0,0,0,1,1,1,1,1,1,0
e_20,1,0,1,1,1,1,1,1,1,1,1,0,0,0,1,0,1,0,0,1,0,0,1,0,1,1,0,1,0,0,0,0,1,1,1,0,1,1,1,1,1,1,0,0,0,1,1,1,1,1,1,1,1,0,1,1,1,0,0,0,1,0,1,1,1,1,1,0,1,0,0,1,1,1,0,1,0,1,0,1,0,0,0,1,0,1,1,1,1,1,0,0,0,0,0,0,1,1,1,1
e_21,1,1,1,1,1,1,1,1,0,1,1,0,1,1,1,1,1,0,0,1,1,1,1,1,1,1,1,0,0,0,0,0,0,1,1,0,1,1,1,1,1,1,1,0,1,0,1,1,1,1,1,1,1,1,1,1,1,1,1,1,1,1,1,1,1,1,1,0,1,0,0,1,1,1,1,1,0,1,1,1,0,0,1,1,0,1,1,1,1,1,1,0,0,0,1,0,1,0,1,0
e_22,1,0,1,1,1,1,0,1,0,1,1,0,0,0,1,1,1,1,0,1,0,0,1,1,1,1,1,0,1,0,0,0,1,1,1,0,1,1,0,1,1,1,1,0,0,0,1,1,1,1,1,1,1,0,0,1,1,1,0,0,1,0,1,1,1,1,1,0,1,0,0,1,1,1,0,1,0,1,0,1,1,0,0,1,0,1,1,1,1,1,0,0,0,0,0,0,1,0,1,0
e_23,1,0,1,1,1,1,0,1,0,1,1,0,0,0,1,1,1,0,1,1,0,0,1,0,1,1,0,1,1,0,0,0,0,1,1,1,1,1,1,1,1,1,1,0,0,1,1,1,1,1,1,1,1,0,1,1,1,0,0,0,1,1,1,1,1,1,1,0,1,0,0,1,1,1,0,1,0,1,0,1,0,1,1,1,1,1,1,1,1,1,0,0,1,0,1,0,1,0,1,1
e_24,1,0,1,1,1,1,0,1,0,1,1,0,0,1,1,1,1,1,1,1,0,0,1,1,1,1,0,0,0,0,0,0,0,1,1,0,1,1,0,1,1,1,0,0,0,0,1,1,1,1,1,1,1,1,0,1,1,0,1,0,1,1,1,1,1,1,1,1,1,0,0,1,1,1,0,1,1,1,0,1,0,0,0,1,0,1,1,1,1,1,0,1,0,0,1,0,1,1,1,1
e_25,1,0,1,1,1,1,1,1,1,1,1,1,0,1,1,0,1,0,1,1,0,1,1,0,1,1,0,0,0,0,0,1,1,1,1,0,1,1,0,1,1,1,1,1,0,0,1,1,1,1,1,1,1,1,1,1,1,1,1,0,1,0,1,1,1,1,1,0,1,0,1,1,1,1,1,1,0,1,1,1,1,1,1,1,0,1,1,1,1,1,1,0,1,0,1,0,1,1,1,0
e_26,1,1,1,1,1,1,1,1,0,1,1,0,1,1,1,1,1,1,1,1,0,0,1,1,1,1,1,1,0,1,0,1,1,1,1,1,1,1,0,1,1,1,1,0,0,1,1,1,1,1,1,1,1,1,1,1,1,1,1,1,1,0,1,1,1,1,1,0,1,0,1,1,1,1,0,1,1,1,0,1,0,0,0,1,0,1,1,1,1,0,0,1,0,0,0,1,1,1,1,0
e_27,1,0,1,1,1,1,0,1,0,1,1,0,1,0,1,0,1,0,0,1,0,0,1,1,1,1,1,1,0,0,0,0,0,1,1,0,1,1,0,1,1,1,0,1,1,1,1,1,1,1,1,1,1,0,0,1,1,0,1,0,1,0,1,1,1,1,1,0,1,0,0,1,1,1,1,1,1,1,0,1,0,0,1,1,0,1,1,1,1,0,0,1,1,1,0,0,1,0,1,0
e_28,1,1,1,1,1,1,1,1,1,1,1,0,0,1,1,0,1,0,0,1,0,0,1,0,1,1,0,0,0,0,0,0,0,1,1,0,1,1,0,1,1,1,0,0,0,1,1,1,1,1,1,1,1,0,0,1,1,1,1,0,1,1,1,1,1,1,1,0,1,0,1,1,1,1,1,1,0,1,0,1,1,0,0,1,0,1,1,1,1,1,0,0,0,1,1,0,1,1,1,1
e_29,1,0,1,1,1,1,1,1,0,1,1,1,1,1,1,1,1,1,0,1,1,1,1,1,1,1,1,1,1,0,0,1,1,1,1,0,1,1,1,1,1,1,1,1,0,1,1,1,1,1,1,1,1,1,1,1,1,1,1,0,1,0,1,1,1,1,1,1,1,0,1,1,1,1,1,1,0,1,0,1,0,1,0,1,0,1,1,1,1,1,0,0,1,0,1,1,1,1,1,0
e_30,1,1,1,1,1,1,1,1,1,1,1,0,1,1,1,0,1,1,0,1,1,1,1,0,1,1,0,1,0,0,0,0,0,1,1,1,1,1,0,1,1,1,0,0,1,0,1,1,1,1,1,1,1,0,1,1,1,1,1,1,1,1,1,1,1,1,1,1,1,0,1,1,1,1,1,1,0,1,1,1,1,1,1,1,0,1,1,1,1,1,1,1,1,0,0,0,1,0,1,1
e_31,1,1,1,1,1,1,0,1,1,1,1,0,1,1,1,1,1,1,1,1,0,0,1,0,1,1,1,1,0,0,0,1,1,1,1,0,1,1,1,1,1,1,0,1,0,0,1,1,1,1,1,1,1,1,1,1,1,1,1,0,1,0,1,1,1,1,1,0,1,0,1,1,1,1,0,1,1,1,0,1,0,0,0,1,0,1,1,1,1,1,0,0,0,0,0,0,1,1,1,0
e_32,1,0,1,1,1,1,0,1,0,1,1,0,0,0,1,0,1,0,0,1,0,0,1,0,1,1,0,0,1,0,0,0,1,1,1,0,1,1,1,1,1,1,1,1,0,1,1,1,1,1,1,1,1,0,0,1,1,0,0,0,1,0,1,1,1,1,1,0,1,0,0,1,1,1,0,1,0,1,0,1,0,0,0,1,0,1,1,1,1,0,0,0,0,0,1,0,1,1,1,0
e_33,1,1,1,1,1,1,1,1,1,1,1,1,1,1,1,1,1,1,0,1,1,1,1,1,1,1,0,0,0,0,1,1,0,1,1,1,1,1,0,1,1,1,1,1,1,0,1,1,1,1,1,1,1,1,1,1,1,1,1,1,1,1,1,1,1,1,1,1,1,1,0,1,1,1,1,1,1,1,1,1,0,1,1,1,0,1,1,1,1,1,1,1,0,0,0,0,1,0,1,1
e_34,1,0,1,1,1,1,0,1,0,1,1,0,1,0,1,0,1,0,0,1,0,0,1,0,1,1,0,0,1,0,0,0,0,1,1,0,1,1,1,1,1,1,1,0,0,1,1,1,1,1,1,1,1,0,0,1,1,0,0,0,1,0,1,1,1,1,1,0,1,0,1,1,1,1,1,1,0,1,0,1,0,1,0,1,0,1,1,1,1,0,0,0,1,0,1,0,1,0,1,1
e_35,1,1,1,1,1,1,1,1,1,1,1,0,1,0,1,1,1,0,0,1,1,1,1,1,1,1,1,0,0,0,0,0,0,1,1,1,1,1,1,1,1,1,1,1,1,1,1,1,1,1,1,1,1,1,1,1,1,1,1,1,1,1,1,1,1,1,1,0,1,0,0,1,1,1,1,1,1,1,1,1,0,1,1,1,0,1,1,1,1,1,1,1,1,0,1,1,1,1,1,0
e_36,1,1,1,1,1,1,0,1,0,1,1,0,0,1,1,0,1,0,0,1,1,1,1,1,1,1,1,1,1,0,0,0,1,1,1,0,1,1,1,1,1,1,1,1,0,0,1,1,1,1,1,1,1,0,0,1,1,1,1,0,1,1,1,1,1,1,1,0,1,0,1,1,1,1,0,1,0,1,0,1,1,0,0,1,0,1,1,1,1,1,0,0,0,0,1,0,1,0,1,0
e_37,1,1,1,1,1,1,1,1,0,1,1,0,0,1,1,0,1,1,1,1,0,1,1,0,1,1,0,0,1,0,1,0,0,1,1,0,1,1,0,1,1,1,0,0,1,1,1,1,1,1,1,1,1,1,1,1,1,1,0,1,1,1,1,1,1,1,1,0,1,1,0,1,1,1,0,1,1,1,0,1,0,1,1,1,1,1,1,1,1,0,1,1,0,1,0,0,1,0,1,1
e_38,1,1,1,1,1,1,0,1,0,1,1,0,1,1,1,1,1,0,0,1,1,0,1,1,1,1,1,0,0,0,0,1,1,1,1,0,1,1,1,1,1,1,0,1,0,0,1,1,1,1,1,1,1,0,0,1,1,0,0,0,1,1,1,1,1,1,1,1,1,0,0,1,1,1,1,1,0,1,0,1,0,0,0,1,0,1,1,1,1,0,0,0,0,0,0,0,1,0,1,0
e_39,1,1,1,1,1,1,1,1,1,1,1,0,1,0,1,0,1,1,1,1,0,1,1,0,1,1,1,0,1,0,1,0,1,1,1,1,1,1,1,1,1,1,1,1,0,1,1,1,1,1,1,1,1,0,0,1,1,1,1,0,1,0,1,1,1,1,1,0,1,0,1,1,1,1,0,1,0,1,0,1,0,1,0,1,0,1,1,1,1,1,1,0,1,0,1,0,1,0,1,1
e_40,1,0,1,1,1,1,0,1,0,1,1,0,1,1,1,0,1,0,0,1,0,1,1,1,1,1,1,0,0,0,0,1,1,1,1,0,1,1,0,1,1,1,1,0,1,1,1,1,1,1,1,1,1,0,0,1,1,1,1,0,1,0,1,1,1,1,1,1,1,0,0,1,1,1,1,1,0,1,0,1,0,1,0,1,0,1,1,1,1,0,1,0,0,0,1,0,1,1,1,0
e_41,1,0,1,1,1,1,0,1,0,1,1,0,0,0,1,0,1,0,0,1,0,0,1,1,1,1,1,1,1,0,0,0,0,1,1,0,1,1,1,1,1,1,1,0,0,0,1,1,1,1,1,1,1,0,0,1,1,0,0,0,1,0,1,1,1,1,1,0,1,0,0,1,1,1,0,1,0,1,0,1,0,0,0,1,0,1,1,1,1,0,0,0,0,0,1,0,1,0,1,1
e_42,1,0,1,1,1,1,0,1,0,1,1,0,0,0,1,0,1,0,0,1,0,1,1,1,1,1,0,0,0,0,0,0,0,1,1,0,1,1,0,1,1,1,0,0,1,0,1,1,1,1,1,1,1,0,0,1,1,0,0,1,1,1,1,1,1,1,1,0,1,0,0,1,1,1,1,1,1,1,0,1,0,1,1,1,0,1,1,1,1,0,1,1,0,0,0,0,1,0,1,0
e_43,1,0,1,1,1,1,0,1,1,1,1,1,0,0,1,0,1,0,0,1,0,0,1,0,1,1,1,0,0,1,0,0,1,1,1,0,1,1,0,1,1,1,0,0,0,0,1,1,1,1,1,1,1,1,0,1,1,0,0,1,1,0,1,1,1,1,1,0,1,0,0,1,1,1,0,1,0,1,0,1,0,0,0,1,0,1,1,1,1,0,0,0,1,0,0,0,1,0,1,0
e_44,1,0,1,1,1,1,1,1,1,1,1,0,1,1,1,0,1,0,0,1,0,0,1,0,1,1,0,0,0,0,0,0,0,1,1,0,1,1,0,1,1,1,0,0,1,0,1,1,1,1,1,1,1,1,1,1,1,1,0,0,1,0,1,1,1,1,1,0,1,0,1,1,1,1,1,1,1,1,0,1,0,1,0,1,0,1,1,1,1,1,0,1,1,1,0,0,1,0,1,1
e_45,1,0,1,1,1,1,0,1,0,1,1,0,0,0,1,0,1,0,0,1,0,0,1,1,1,1,1,0,0,0,0,0,0,1,1,1,1,1,1,1,1,1,1,1,0,1,1,1,1,1,1,1,1,0,1,1,1,0,0,0,1,0,1,1,1,1,1,0,1,0,0,1,1,1,0,1,0,1,0,1,0,0,0,1,0,1,1,1,1,0,0,0,0,0,1,0,1,0,1,0
e_46,1,1,1,1,1,1,0,1,0,1,1,0,1,1,1,0,1,0,0,1,0,1,1,1,1,1,0,0,0,1,0,1,1,1,1,0,1,1,1,1,1,1,0,0,0,0,1,1,1,1,1,1,1,1,0,1,1,1,1,1,1,1,1,1,1,1,1,0,1,0,0,1,1,1,0,1,1,1,0,1,0,0,0,1,0,1,1,1,1,1,0,0,0,0,0,1,1,1,1,0
e_47,1,1,1,1,1,1,0,1,1,1,1,0,1,0,1,0,1,0,0,1,0,0,1,0,1,1,0,0,1,0,0,1,0,1,1,0,1,1,1,1,1,1,0,0,0,0,1,1,1,1,1,1,1,0,0,1,1,0,0,0,1,1,1,1,1,1,1,0,1,0,0,1,1,1,0,1,0,1,0,1,0,0,1,1,0,1,1,1,1,1,0,0,0,0,0,0,1,0,1,1
e_48,1,1,1,1,1,1,0,1,0,1,1,0,1,0,1,1,1,1,0,1,0,0,1,0,1,1,0,1,0,0,0,0,1,1,1,0,1,1,0,1,1,1,0,0,0,0,1,1,1,1,1,1,1,0,0,1,1,0,0,0,1,0,1,1,1,1,1,0,1,0,1,1,1,1,0,1,0,1,0,1,0,0,0,1,0,1,1,1,1,1,1,0,0,0,0,0,1,0,1,1
e_49,1,1,1,1,1,1,0,1,1,1,1,0,0,0,1,0,1,0,1,1,0,0,1,0,1,1,0,1,1,1,0,0,0,1,1,1,1,1,1,1,1,1,0,1,1,0,1,1,1,1,1,1,1,0,0,1,1,0,1,0,1,1,1,1,1,1,1,0,1,0,0,1,1,1,0,1,0,1,1,1,1,1,0,1,0,1,1,1,1,0,0,0,1,0,1,0,1,0,1,1
e_50,1,0,1,1,1,1,0,1,0,1,1,1,0,0,1,0,1,0,0,1,0,0,1,0,1,1,0,0,1,1,1,1,1,1,1,1,1,1,0,1,1,1,0,1,0,1,1,1,1,1,1,1,1,0,1,1,1,0,0,0,1,0,1,1,1,1,1,1,1,0,0,1,1,1,0,1,0,1,0,1,0,0,1,1,0,1,1,1,1,0,1,0,0,0,0,1,1,0,1,0
e_51,1,0,1,1,1,1,1,1,1,1,1,0,1,0,1,0,1,0,1,1,0,0,1,0,1,1,0,1,1,0,1,0,0,1,1,0,1,1,1,1,1,1,0,0,1,1,1,1,1,1,1,1,1,1,1,1,1,0,1,1,1,1,1,1,1,1,1,0,1,0,0,1,1,1,0,1,0,1,1,1,0,0,0,1,0,1,1,1,1,0,0,0,1,1,0,0,1,1,1,1
e_52,1,0,1,1,1,1,1,1,0,1,1,0,0,0,1,0,1,0,0,1,0,0,1,0,1,1,0,0,1,0,0,0,0,1,1,0,1,1,0,1,1,1,0,0,0,0,1,1,1,1,1,1,1,0,0,1,1,0,0,0,1,0,1,1,1,1,1,0,1,0,0,1,1,1,0,1,1,1,0,1,0,0,0,1,0,1,1,1,1,0,1,0,1,0,1,0,1,0,1,1
e_53,1,1,1,1,1,1,0,1,0,1,1,0,0,0,1,0,1,0,0,1,0,0,1,0,1,1,0,0,0,0,0,0,0,1,1,0,1,1,1,1,1,1,0,0,0,1,1,1,1,1,1,1,1,0,0,1,1,0,1,0,1,1,1,1,1,1,1,0,1,0,1,1,1,1,0,1,0,1,0,1,0,0,0,1,0,1,1,1,1,0,0,0,0,0,0,0,1,1,1,0
e_54,1,0,1,1,1,1,0,1,1,1,1,0,0,0,1,0,1,0,1,1,0,0,1,1,1,1,0,0,1,1,1,1,1,1,1,0,1,1,1,1,1,1,1,1,0,1,1,1,1,1,1,1,1,0,1,1,1,1,0,0,1,0,1,1,1,1,1,0,1,0,1,1,1,1,0,1,0,1,0,1,1,0,0,1,0,1,1,1,1,1,0,0,0,0,1,1,1,0,1,1
e_55,1,1,1,1,1,1,0,1,1,1,1,0,0,0,1,1,1,1,0,1,0,0,1,0,1,1,0,0,0,0,0,0,0,1,1,1,1,1,0,1,1,1,0,0,0,0,1,1,1,1,1,1,1,1,1,1,1,0,0,0,1,1,1,1,1,1,1,1,1,0,0,1,1,1,0,1,0,1,0,1,1,1,1,1,1,1,1,1,1,0,0,0,0,0,0,1,1,0,1,1
e_56,1,0,1,1,1,1,1,1,0,1,1,0,1,0,1,1,1,1,0,1,0,1,1,0,1,1,1,1,0,0,0,0,0,1,1,0,1,1,0,1,1,1,0,0,1,0,1,1,1,1,1,1,1,0,1,1,1,1,0,0,1,0,1,1,1,1,1,0,1,0,1,1,1,1,1,1,1,1,0,1,0,0,0,1,0,1,1,1,1,0,0,0,1,0,1,1,1,0,1,1
e_57,1,1,1,1,1,1,1,1,0,1,1,0,1,0,1,0,1,0,0,1,0,1,1,0,1,1,0,0,1,0,1,0,0,1,1,0,1,1,1,1,1,1,1,0,1,1,1,1,1,1,1,1,1,0,1,1,1,0,1,0,1,1,1,1,1,1,1,0,1,0,1,1,1,1,0,1,1,1,1,1,1,1,0,1,0,1,1,1,1,0,1,1,1,0,1,1,1,0,1,1
e_58,1,1,1,1,1,1,0,1,1,1,1,0,1,1,1,1,1,1,1,1,1,0,1,0,1,1,0,1,1,0,0,0,0,1,1,0,1,1,0,1,1,1,1,1,1,0,1,1,1,1,1,1,1,1,1,1,1,1,1,1,1,1,1,1,1,1,1,1,1,1,1,1,1,1,1,1,1,1,0,1,1,1,1,1,0,1,1,1,1,0,1,0,1,1,1,1,1,1,1,1
e_59,1,0,1,1,1,1,1,1,0,1,1,0,0,0,1,1,1,0,0,1,1,0,1,1,1,1,1,0,0,0,0,1,1,1,1,1,1,1,1,1,1,1,1,1,0,1,1,1,1,1,1,1,1,0,0,1,1,0,0,0,1,1,1,1,1,1,1,0,1,0,1,1,1,1,0,1,0,1,0,1,0,0,0,1,0,1,1,1,1,1,0,0,1,0,1,0,1,0,1,1
e_60,1,0,1,1,1,1,1,1,1,1,1,0,0,0,1,0,1,0,0,1,0,0,1,1,1,1,0,0,1,1,0,0,0,1,1,0,1,1,1,1,1,1,0,1,0,1,1,1,1,1,1,1,1,0,0,1,1,0,1,0,1,0,1,1,1,1,1,0,1,0,1,1,1,1,1,1,0,1,0,1,0,0,0,1,0,1,1,1,1,1,1,0,0,0,1,0,1,0,1,1
e_61,1,0,1,1,1,1,0,1,1,1,1,1,0,0,1,1,1,0,0,1,0,0,1,1,1,1,1,1,0,1,0,1,0,1,1,1,1,1,0,1,1,1,0,0,1,0,1,1,1,1,1,1,1,1,0,1,1,0,1,0,1,0,1,1,1,1,1,0,1,0,0,1,1,1,1,1,0,1,0,1,1,0,0,1,0,1,1,1,1,0,0,0,0,0,0,0,1,0,1,0
e_62,1,0,1,1,1,1,0,1,1,1,1,0,0,0,1,1,1,0,0,1,0,0,1,1,1,1,1,1,1,0,0,0,0,1,1,1,1,1,0,1,1,1,0,0,0,1,1,1,1,1,1,1,1,0,0,1,1,1,0,0,1,1,1,1,1,1,1,0,1,0,1,1,1,1,0,1,0,1,0,1,1,0,0,1,0,1,1,1,1,1,0,0,0,0,1,0,1,0,1,0
e_63,1,0,1,1,1,1,1,1,0,1,1,1,1,0,1,0,1,1,0,1,0,0,1,0,1,1,0,0,0,0,0,0,1,1,1,0,1,1,0,1,1,1,0,1,0,1,1,1,1,1,1,1,1,1,0,1,1,1,1,1,1,0,1,1,1,1,1,0,1,0,0,1,1,1,0,1,0,1,1,1,1,1,0,1,0,1,1,1,1,1,1,0,0,1,1,0,1,0,1,0
e_64,1,0,1,1,1,1,0,1,0,1,1,0,1,0,1,0,1,0,0,1,1,0,1,0,1,1,0,0,0,0,0,0,0,1,1,0,1,1,1,1,1,1,0,1,0,1,1,1,1,1,1,1,1,0,0,1,1,0,0,1,1,1,1,1,1,1,1,0,1,0,0,1,1,1,0,1,0,1,1,1,0,1,0,1,0,1,1,1,1,1,1,1,0,1,0,0,1,0,1,0
e_65,1,0,1,1,1,1,0,1,0,1,1,0,0,0,1,0,1,0,0,1,0,0,1,0,1,1,0,0,1,0,0,0,0,1,1,0,1,1,1,1,1,1,0,0,0,1,1,1,1,1,1,1,1,0,0,1,1,0,0,0,1,0,1,1,1,1,1,0,1,0,1,1,1,1,0,1,0,1,0,1,0,0,0,1,0,1,1,1,1,0,0,0,0,0,0,0,1,0,1,0
e_66,1,0,1,1,1,1,0,1,0,1,1,0,0,0,1,0,1,0,0,1,1,0,1,0,1,1,1,1,0,0,0,0,1,1,1,0,1,1,1,1,1,1,1,1,0,0,1,1,1,1,1,1,1,1,0,1,1,0,0,0,1,0,1,1,1,1,1,0,1,0,0,1,1,1,0,1,0,1,1,1,1,0,0,1,0,1,1,1,1,0,0,0,0,0,0,0,1,0,1,0
e_67,1,0,1,1,1,1,1,1,0,1,1,0,0,1,1,0,1,0,1,1,0,0,1,1,1,1,1,0,0,0,0,0,0,1,1,1,1,1,0,1,1,1,0,0,0,0,1,1,1,1,1,1,1,0,0,1,1,0,1,0,1,0,1,1,1,1,1,0,1,0,0,1,1,1,1,1,1,1,0,1,0,1,1,1,0,1,1,1,1,0,1,1,0,0,0,0,1,1,1,0
e_68,1,0,1,1,1,1,0,1,0,1,1,1,0,1,1,0,1,0,0,1,0,0,1,0,1,1,0,0,1,0,0,1,1,1,1,1,1,1,1,1,1,1,0,1,0,1,1,1,1,1,1,1,1,0,0,1,1,1,0,0,1,0,1,1,1,1,1,0,1,0,1,1,1,1,1,1,0,1,0,1,1,0,0,1,0,1,1,1,1,1,0,0,0,0,1,0,1,0,1,1
e_69,1,0,1,1,1,1,1,1,1,1,1,0,1,1,1,0,1,0,0,1,0,1,1,0,1,1,0,1,1,0,0,0,0,1,1,1,1,1,0,1,1,1,0,1,0,0,1,1,1,1,1,1,1,1,1,1,1,0,0,1,1,1,1,1,1,1,1,0,1,0,1,1,1,1,0,1,0,1,0,1,0,1,0,1,0,1,1,1,1,0,0,0,1,0,0,1,1,0,1,1
e_70,1,1,1,1,1,1,0,1,1,1,1,0,1,0,1,1,1,1,1,1,0,1,1,0,1,1,0,1,1,0,0,0,0,1,1,0,1,1,1,1,1,1,1,0,1,1,1,1,1,1,1,1,1,1,1,1,1,1,1,0,1,1,1,1,1,1,1,0,1,0,1,1,1,1,0,1,0,1,0,1,1,1,1,1,0,1,1,1,1,0,1,0,1,0,1,1,1,0,1,0
e_71,1,0,1,1,1,1,1,1,1,1,1,0,0,0,1,0,1,0,0,1,0,0,1,0,1,1,0,0,1,0,0,1,0,1,1,0,1,1,0,1,1,1,1,1,0,1,1,1,1,1,1,1,1,0,0,1,1,0,0,0,1,0,1,1,1,1,1,0,1,0,1,1,1,1,1,1,0,1,0,1,1,0,0,1,0,1,1,1,1,0,0,0,1,0,1,0,1,0,1,1
e_72,1,1,1,1,1,1,1,1,1,1,1,0,1,0,1,1,1,1,0,1,1,1,1,0,1,1,0,0,1,0,0,1,0,1,1,0,1,1,0,1,1,1,0,0,0,0,1,1,1,1,1,1,1,1,1,1,1,1,1,0,1,0,1,1,1,1,1,1,1,0,1,1,1,1,1,1,1,1,1,1,0,1,1,1,1,1,1,1,1,0,0,0,1,0,0,0,1,0,1,1
e_73,1,0,1,1,1,1,0,1,1,1,1,0,1,0,1,0,1,0,0,1,1,1,1,1,1,1,0,1,1,1,0,1,1,1,1,0,1,1,0,1,1,1,0,0,1,0,1,1,1,1,1,1,1,0,1,1,1,0,0,0,1,1,1,1,1,1,1,0,1,0,1,1,1,1,1,1,0,1,1,1,0,1,1,1,0,1,1,1,1,1,1,0,0,0,1,0,1,0,1,1
e_74,1,1,1,1,1,1,1,1,0,1,1,0,1,0,1,1,1,1,1,1,0,1,1,0,1,1,0,0,1,0,1,0,0,1,1,0,1,1,1,1,1,1,1,0,1,0,1,1,1,1,1,1,1,1,1,1,1,1,0,0,1,1,1,1,1,1,1,1,1,0,0,1,1,1,1,1,0,1,0,1,0,1,1,1,0,1,1,1,1,0,1,0,0,0,0,1,1,0,1,0
e_75,1,1,1,1,1,1,1,1,1,1,1,0,1,1,1,1,1,0,0,1,0,0,1,1,1,1,0,0,0,0,0,1,1,1,1,1,1,1,0,1,1,1,0,0,1,0,1,1,1,1,1,1,1,0,1,1,1,1,1,0,1,1,1,1,1,1,1,0,1,0,1,1,1,1,1,1,0,1,1,1,1,1,1,1,0,1,1,1,1,1,1,1,1,0,0,1,1,0,1,0
