Experiment_ID,Initial_Sparsity,Initial_Density,Initial_Mean,Initial_Min,Initial_Max,Num_Zeros,Num_Ones,Num_Fractional,Converged,Convergence_Type,Iterations
1,0.5555555555555556,0.4444444444444444,0.4444444444444444,0.0,1.0,5,4,0,True,binary_mixed,0
2,0.4444444444444444,0.4444444444444444,0.5,0.0,1.0,4,4,1,True,binary_mixed,1
3,0.3333333333333333,0.4444444444444444,0.5555555555555556,0.0,1.0,3,4,2,True,binary_mixed,1
4,0.6666666666666666,0.3333333333333333,0.3333333333333333,0.0,1.0,6,3,0,True,binary_mixed,0
5,0.1111111111111111,0.5555555555555556,0.6666666666666666,0.0,1.0,1,5,3,False,limit_cycle,-1
6,0.0,0.5555555555555556,0.7222222222222222,0.25,1.0,0,5,4,True,all_ones,2
7,0.0,0.5555555555555556,0.7222222222222222,0.25,1.0,0,5,4,True,all_ones,2
8,0.3333333333333333,0.6666666666666666,0.6666666666666666,0.0,1.0,3,6,0,True,binary_mixed,0
9,0.3333333333333333,0.6666666666666666,0.6666666666666666,0.0,1.0,3,6,0,True,binary_mixed,0
10,0.1111111111111111,0.5555555555555556,0.6666666666666666,0.0,1.0,1,5,3,False,limit_cycle,-1
11,0.0,0.7,0.8416666666666668,0.4166666666666667,1.0,0,14,6,True,all_ones,3
12,0.0,0.65,0.8083333333333332,0.3333333333333333,1.0,0,13,7,True,all_ones,3
13,0.0,0.7,0.8416666666666666,0.4166666666666667,1.0,0,14,6,True,all_ones,3
14,0.0,0.75,0.8777777777777779,0.4166666666666667,1.0,0,15,5,True,all_ones,2
15,0.0,0.65,0.7944444444444445,0.3333333333333333,1.0,0,13,7,True,all_ones,3
16,0.2,0.7,0.7666666666666666,0.0,1.0,4,14,2,True,binary_mixed,1
17,0.0,0.6,0.7333333333333333,0.1111111111111111,1.0,0,12,8,True,all_ones,3
18,0.0,0.75,0.9027777777777779,0.4444444444444444,1.0,0,15,5,True,all_ones,2
19,0.0,0.7,0.8555555555555555,0.4166666666666667,1.0,0,14,6,True,all_ones,3
20,0.0,0.75,0.9027777777777779,0.4444444444444444,1.0,0,15,5,True,all_ones,2
21,0.0,0.72,0.8716666666666667,0.5,1.0,0,18,7,True,all_ones,2
22,0.0,0.64,0.75,0.16666666666666666,1.0,0,16,9,True,all_ones,3
23,0.0,0.64,0.7716666666666667,0.25,1.0,0,16,9,True,all_ones,2
24,0.0,0.68,0.815,0.3125,1.0,0,17,8,True,all_ones,3
25,0.0,0.76,0.9,0.5,1.0,0,19,6,True,all_ones,2
26,0.0,0.64,0.7666666666666667,0.16666666666666666,1.0,0,16,9,True,all_ones,2
27,0.0,0.68,0.8366666666666667,0.4166666666666667,1.0,0,17,8,True,all_ones,3
28,0.0,0.68,0.8366666666666666,0.3333333333333333,1.0,0,17,8,True,all_ones,3
29,0.0,0.68,0.8166666666666665,0.3333333333333333,1.0,0,17,8,True,all_ones,3
30,0.0,0.72,0.8483333333333333,0.3125,1.0,0,18,7,True,all_ones,2
31,0.0,0.875,0.9438492063492063,0.36666666666666664,1.0,0,42,6,True,all_ones,2
32,0.0,0.8333333333333334,0.9438492063492063,0.4857142857142857,1.0,0,40,8,True,all_ones,2
33,0.0,0.8958333333333334,0.9757936507936508,0.7142857142857143,1.0,0,43,5,True,all_ones,2
34,0.0,0.8333333333333334,0.9551587301587302,0.6333333333333333,1.0,0,40,8,True,all_ones,2
35,0.0,0.7291666666666666,0.876111111111111,0.4,1.0,0,35,13,True,all_ones,3
36,0.0,0.7708333333333334,0.8971031746031747,0.3,1.0,0,37,11,True,all_ones,2
37,0.0,0.8125,0.9499603174603175,0.6666666666666666,1.0,0,39,9,True,all_ones,3
38,0.0,0.7916666666666666,0.9333730158730159,0.6,1.0,0,38,10,True,all_ones,3
39,0.0,0.7708333333333334,0.9130555555555556,0.5,1.0,0,37,11,True,all_ones,3
40,0.0,0.7916666666666666,0.935079365079365,0.6,1.0,0,38,10,True,all_ones,3
41,0.0,0.8,0.9257794784580498,0.4642857142857143,1.0,0,64,16,True,all_ones,3
42,0.0,0.925,0.9915178571428573,0.8035714285714286,1.0,0,74,6,True,all_ones,2
43,0.0,0.9,0.9848072562358275,0.7936507936507936,1.0,0,72,8,True,all_ones,3
44,0.0,0.7875,0.9176374716553287,0.5357142857142857,1.0,0,63,17,True,all_ones,4
45,0.0,0.875,0.9749503968253969,0.746031746031746,1.0,0,70,10,True,all_ones,3
46,0.0,0.825,0.9400297619047621,0.48214285714285715,1.0,0,66,14,True,all_ones,3
47,0.0,0.9,0.9828302154195011,0.673469387755102,1.0,0,72,8,True,all_ones,2
48,0.0,0.8875,0.9798185941043085,0.746031746031746,1.0,0,71,9,True,all_ones,3
49,0.0,0.8875,0.9732142857142858,0.6428571428571429,1.0,0,71,9,True,all_ones,2
50,0.0,0.95,0.9979166666666668,0.9523809523809523,1.0,0,76,4,True,all_ones,2
51,0.4444444444444444,0.4444444444444444,0.5,0.0,1.0,4,4,1,True,binary_mixed,1
52,0.4444444444444444,0.4444444444444444,0.5,0.0,1.0,4,4,1,True,binary_mixed,1
53,0.0,0.5555555555555556,0.7222222222222222,0.25,1.0,0,5,4,True,all_ones,2
54,0.0,0.5555555555555556,0.7222222222222222,0.25,1.0,0,5,4,True,all_ones,2
55,0.1111111111111111,0.5555555555555556,0.6666666666666666,0.0,1.0,1,5,3,False,limit_cycle,-1
56,0.1111111111111111,0.5555555555555556,0.6666666666666666,0.0,1.0,1,5,3,False,limit_cycle,-1
57,0.4444444444444444,0.4444444444444444,0.5,0.0,1.0,4,4,1,True,binary_mixed,1
58,0.3333333333333333,0.4444444444444444,0.5555555555555556,0.0,1.0,3,4,2,True,binary_mixed,1
59,0.4444444444444444,0.4444444444444444,0.5,0.0,1.0,4,4,1,True,binary_mixed,1
60,0.1111111111111111,0.5555555555555556,0.6666666666666666,0.0,1.0,1,5,3,False,limit_cycle,-1
61,0.2,0.45,0.5444444444444445,0.0,1.0,4,9,7,True,binary_mixed,3
62,0.0,0.55,0.6777777777777778,0.1111111111111111,1.0,0,11,9,True,all_ones,3
63,0.0,0.5,0.6166666666666667,0.1111111111111111,1.0,0,10,10,True,all_ones,3
64,0.05,0.45,0.55,0.0,1.0,1,9,10,True,all_ones,4
65,0.0,0.55,0.6833333333333332,0.1111111111111111,1.0,0,11,9,True,all_ones,3
66,0.2,0.45,0.5444444444444445,0.0,1.0,4,9,7,True,binary_mixed,3
67,0.0,0.5,0.6222222222222221,0.1111111111111111,1.0,0,10,10,True,all_ones,3
68,0.0,0.55,0.6722222222222222,0.1111111111111111,1.0,0,11,9,True,all_ones,3
69,0.0,0.5,0.6055555555555555,0.1111111111111111,1.0,0,10,10,True,all_ones,3
70,0.0,0.55,0.6611111111111111,0.16666666666666666,1.0,0,11,9,True,all_ones,4
71,0.08,0.52,0.6199999999999999,0.0,1.0,2,13,10,True,all_ones,3
72,0.04,0.48,0.5766666666666667,0.0,1.0,1,12,12,True,all_ones,3
73,0.08,0.48,0.5599999999999999,0.0,1.0,2,12,11,True,all_ones,3
74,0.0,0.48,0.58,0.08333333333333333,1.0,0,12,13,True,all_ones,3
75,0.04,0.48,0.58,0.0,1.0,1,12,12,True,all_ones,3
76,0.04,0.52,0.63,0.0,1.0,1,13,11,True,all_ones,3
77,0.0,0.56,0.6933333333333332,0.25,1.0,0,14,11,True,all_ones,3
78,0.0,0.44,0.5466666666666666,0.08333333333333333,1.0,0,11,14,True,all_ones,3
79,0.16,0.52,0.5933333333333333,0.0,1.0,4,13,8,True,all_ones,4
80,0.0,0.52,0.6333333333333333,0.125,1.0,0,13,12,True,all_ones,3
81,0.0,0.6875,0.830486111111111,0.3,1.0,0,33,15,True,all_ones,3
82,0.0,0.6666666666666666,0.8080555555555554,0.3333333333333333,1.0,0,32,16,True,all_ones,4
83,0.0,0.7291666666666666,0.8655555555555555,0.4,1.0,0,35,13,True,all_ones,3
84,0.0,0.6875,0.8352777777777778,0.28,1.0,0,33,15,True,all_ones,3
85,0.0,0.7291666666666666,0.8671428571428571,0.42857142857142855,1.0,0,35,13,True,all_ones,3
86,0.0,0.7083333333333334,0.8494444444444444,0.36,1.0,0,34,14,True,all_ones,4
87,0.0,0.6458333333333334,0.8013095238095239,0.3,1.0,0,31,17,True,all_ones,4
88,0.0,0.6458333333333334,0.7786805555555555,0.1,1.0,0,31,17,True,all_ones,3
89,0.0,0.6875,0.8339186507936508,0.25,1.0,0,33,15,True,all_ones,3
90,0.0,0.7083333333333334,0.8316666666666667,0.08,1.0,0,34,14,True,all_ones,2
91,0.0,0.65,0.7933673469387755,0.2619047619047619,1.0,0,52,28,True,all_ones,4
92,0.0,0.6625,0.8113414115646259,0.3469387755102041,1.0,0,53,27,True,all_ones,4
93,0.0,0.6625,0.8056696428571428,0.23809523809523808,1.0,0,53,27,True,all_ones,3
94,0.0,0.675,0.8185267857142857,0.30952380952380953,1.0,0,54,26,True,all_ones,5
95,0.0,0.675,0.8171449829931973,0.2857142857142857,1.0,0,54,26,True,all_ones,4
96,0.0,0.6625,0.7982419217687075,0.14285714285714285,1.0,0,53,27,True,all_ones,3
97,0.0,0.7,0.8448596938775509,0.3142857142857143,1.0,0,56,24,True,all_ones,4
98,0.0,0.6375,0.7843367346938775,0.24489795918367346,1.0,0,51,29,True,all_ones,3
99,0.0,0.6625,0.8141921768707483,0.32653061224489793,1.0,0,53,27,True,all_ones,4
100,0.0,0.6125,0.7499340986394557,0.17142857142857143,1.0,0,49,31,True,all_ones,4
101,0.6666666666666666,0.3333333333333333,0.3333333333333333,0.0,1.0,6,3,0,True,binary_mixed,0
102,0.6666666666666666,0.3333333333333333,0.3333333333333333,0.0,1.0,6,3,0,True,binary_mixed,0
103,0.6666666666666666,0.3333333333333333,0.3333333333333333,0.0,1.0,6,3,0,True,binary_mixed,0
104,0.6666666666666666,0.3333333333333333,0.3333333333333333,0.0,1.0,6,3,0,True,binary_mixed,0
105,0.6666666666666666,0.3333333333333333,0.3333333333333333,0.0,1.0,6,3,0,True,binary_mixed,0
106,0.6666666666666666,0.3333333333333333,0.3333333333333333,0.0,1.0,6,3,0,True,binary_mixed,0
107,0.6666666666666666,0.3333333333333333,0.3333333333333333,0.0,1.0,6,3,0,True,binary_mixed,0
108,0.6666666666666666,0.3333333333333333,0.3333333333333333,0.0,1.0,6,3,0,True,binary_mixed,0
109,0.6666666666666666,0.3333333333333333,0.3333333333333333,0.0,1.0,6,3,0,True,binary_mixed,0
110,0.6666666666666666,0.3333333333333333,0.3333333333333333,0.0,1.0,6,3,0,True,binary_mixed,0
111,0.45,0.35,0.38333333333333336,0.0,1.0,9,7,4,True,binary_mixed,2
112,0.65,0.3,0.31666666666666665,0.0,1.0,13,6,1,True,binary_mixed,1
113,0.6,0.3,0.31666666666666665,0.0,1.0,12,6,2,True,binary_mixed,1
114,0.35,0.35,0.4166666666666667,0.0,1.0,7,7,6,True,binary_mixed,4
115,0.45,0.3,0.36666666666666664,0.0,1.0,9,6,5,True,binary_mixed,3
116,0.7,0.25,0.26666666666666666,0.0,1.0,14,5,1,True,binary_mixed,1
117,0.8,0.2,0.2,0.0,1.0,16,4,0,True,binary_mixed,0
118,0.55,0.3,0.33333333333333337,0.0,1.0,11,6,3,False,limit_cycle,-1
119,0.4,0.35,0.4333333333333333,0.0,1.0,8,7,5,True,binary_mixed,1
120,0.7,0.25,0.26666666666666666,0.0,1.0,14,5,1,True,binary_mixed,1
121,0.44,0.32,0.36,0.0,1.0,11,8,6,False,limit_cycle,-1
122,0.28,0.36,0.42,0.0,1.0,7,9,9,True,binary_mixed,4
123,0.64,0.28,0.3,0.0,1.0,16,7,2,True,binary_mixed,1
124,0.6,0.28,0.31,0.0,1.0,15,7,3,True,binary_mixed,1
125,0.44,0.32,0.36,0.0,1.0,11,8,6,False,limit_cycle,-1
126,0.2,0.4,0.46,0.0,1.0,5,10,10,True,all_ones,5
127,0.44,0.28,0.34,0.0,1.0,11,7,7,True,binary_mixed,3
128,0.44,0.32,0.36,0.0,1.0,11,8,6,False,limit_cycle,-1
129,0.52,0.28,0.32,0.0,1.0,13,7,5,True,binary_mixed,3
130,0.36,0.4,0.44,0.0,1.0,9,10,6,True,binary_mixed,4
131,0.0,0.4583333333333333,0.55625,0.05,1.0,0,22,26,True,all_ones,3
132,0.041666666666666664,0.3958333333333333,0.4777777777777778,0.0,1.0,2,19,27,True,all_ones,4
133,0.020833333333333332,0.4583333333333333,0.5583333333333333,0.0,1.0,1,22,25,True,all_ones,3
134,0.08333333333333333,0.4375,0.5180555555555556,0.0,1.0,4,21,23,True,all_ones,4
135,0.16666666666666666,0.4166666666666667,0.5020833333333333,0.0,1.0,8,20,20,True,binary_mixed,4
136,0.125,0.4166666666666667,0.4875,0.0,1.0,6,20,22,True,all_ones,5
137,0.125,0.3958333333333333,0.48125,0.0,1.0,6,19,23,True,binary_mixed,3
138,0.125,0.4375,0.53125,0.0,1.0,6,21,21,True,binary_mixed,4
139,0.1875,0.4166666666666667,0.4979166666666666,0.0,1.0,9,20,19,True,binary_mixed,4
140,0.14583333333333334,0.4166666666666667,0.5055555555555555,0.0,1.0,7,20,21,True,binary_mixed,4
141,0.0,0.4625,0.5580357142857142,0.07142857142857142,1.0,0,37,43,True,all_ones,4
142,0.025,0.45,0.5430357142857143,0.0,1.0,2,36,42,True,all_ones,3
143,0.0,0.4625,0.5653571428571429,0.02857142857142857,1.0,0,37,43,True,all_ones,3
144,0.025,0.4375,0.5242857142857142,0.0,1.0,2,35,43,True,all_ones,4
145,0.0,0.4625,0.5696428571428571,0.05714285714285714,1.0,0,37,43,True,all_ones,5
146,0.0125,0.4625,0.5567857142857142,0.0,1.0,1,37,42,True,all_ones,4
147,0.0,0.45,0.5532142857142858,0.03571428571428571,1.0,0,36,44,True,all_ones,4
148,0.0,0.475,0.5764285714285714,0.02857142857142857,1.0,0,38,42,True,all_ones,4
149,0.0125,0.4125,0.5058928571428571,0.0,1.0,1,33,46,True,all_ones,5
150,0.0,0.45,0.5489285714285714,0.02857142857142857,1.0,0,36,44,True,all_ones,4
151,0.6666666666666666,0.3333333333333333,0.3333333333333333,0.0,1.0,6,3,0,True,binary_mixed,0
152,0.6666666666666666,0.3333333333333333,0.3333333333333333,0.0,1.0,6,3,0,True,binary_mixed,0
153,0.6666666666666666,0.3333333333333333,0.3333333333333333,0.0,1.0,6,3,0,True,binary_mixed,0
154,0.6666666666666666,0.3333333333333333,0.3333333333333333,0.0,1.0,6,3,0,True,binary_mixed,0
155,0.6666666666666666,0.3333333333333333,0.3333333333333333,0.0,1.0,6,3,0,True,binary_mixed,0
156,0.6666666666666666,0.3333333333333333,0.3333333333333333,0.0,1.0,6,3,0,True,binary_mixed,0
157,0.6666666666666666,0.3333333333333333,0.3333333333333333,0.0,1.0,6,3,0,True,binary_mixed,0
158,0.6666666666666666,0.3333333333333333,0.3333333333333333,0.0,1.0,6,3,0,True,binary_mixed,0
159,0.6666666666666666,0.3333333333333333,0.3333333333333333,0.0,1.0,6,3,0,True,binary_mixed,0
160,0.6666666666666666,0.3333333333333333,0.3333333333333333,0.0,1.0,6,3,0,True,binary_mixed,0
161,0.8,0.2,0.2,0.0,1.0,16,4,0,True,binary_mixed,0
162,0.8,0.2,0.2,0.0,1.0,16,4,0,True,binary_mixed,0
163,0.8,0.2,0.2,0.0,1.0,16,4,0,True,binary_mixed,0
164,0.8,0.2,0.2,0.0,1.0,16,4,0,True,binary_mixed,0
165,0.8,0.2,0.2,0.0,1.0,16,4,0,True,binary_mixed,0
166,0.8,0.2,0.2,0.0,1.0,16,4,0,True,binary_mixed,0
167,0.8,0.2,0.2,0.0,1.0,16,4,0,True,binary_mixed,0
168,0.8,0.2,0.2,0.0,1.0,16,4,0,True,binary_mixed,0
169,0.8,0.2,0.2,0.0,1.0,16,4,0,True,binary_mixed,0
170,0.8,0.2,0.2,0.0,1.0,16,4,0,True,binary_mixed,0
171,0.8,0.2,0.2,0.0,1.0,20,5,0,True,binary_mixed,0
172,0.8,0.2,0.2,0.0,1.0,20,5,0,True,binary_mixed,0
173,0.8,0.2,0.2,0.0,1.0,20,5,0,True,binary_mixed,0
174,0.8,0.2,0.2,0.0,1.0,20,5,0,True,binary_mixed,0
175,0.8,0.2,0.2,0.0,1.0,20,5,0,True,binary_mixed,0
176,0.8,0.2,0.2,0.0,1.0,20,5,0,True,binary_mixed,0
177,0.8,0.2,0.2,0.0,1.0,20,5,0,True,binary_mixed,0
178,0.8,0.2,0.2,0.0,1.0,20,5,0,True,binary_mixed,0
179,0.8,0.2,0.2,0.0,1.0,20,5,0,True,binary_mixed,0
180,0.8,0.2,0.2,0.0,1.0,20,5,0,True,binary_mixed,0
181,0.7708333333333334,0.16666666666666666,0.1791666666666667,0.0,1.0,37,8,3,True,binary_mixed,1
182,0.6875,0.1875,0.20833333333333334,0.0,1.0,33,9,6,True,binary_mixed,2
183,0.8125,0.16666666666666666,0.1708333333333333,0.0,1.0,39,8,1,True,binary_mixed,1
184,0.8333333333333334,0.14583333333333334,0.15,0.0,1.0,40,7,1,True,binary_mixed,1
185,0.7708333333333334,0.16666666666666666,0.17500000000000002,0.0,1.0,37,8,3,False,limit_cycle,-1
186,0.6458333333333334,0.20833333333333334,0.225,0.0,1.0,31,10,7,False,limit_cycle,-1
187,0.6041666666666666,0.22916666666666666,0.24583333333333335,0.0,1.0,29,11,8,True,binary_mixed,1
188,0.5625,0.22916666666666666,0.25,0.0,1.0,27,11,10,True,binary_mixed,4
189,0.5833333333333334,0.20833333333333334,0.23750000000000002,0.0,1.0,28,10,10,True,binary_mixed,4
190,0.7291666666666666,0.1875,0.20000000000000004,0.0,1.0,35,9,4,True,binary_mixed,2
191,0.7,0.1625,0.17678571428571427,0.0,1.0,56,13,11,True,binary_mixed,5
192,0.7375,0.1625,0.17142857142857143,0.0,1.0,59,13,8,True,binary_mixed,4
193,0.7625,0.1375,0.14821428571428572,0.0,1.0,61,11,8,True,binary_mixed,3
194,0.7375,0.15,0.16071428571428573,0.0,1.0,59,12,9,True,binary_mixed,5
195,0.7875,0.1375,0.14464285714285713,0.0,1.0,63,11,6,False,limit_cycle,-1
196,0.8625,0.125,0.12857142857142856,0.0,1.0,69,10,1,True,binary_mixed,1
197,0.7375,0.15,0.1625,0.0,1.0,59,12,9,True,binary_mixed,3
198,0.7875,0.15,0.15714285714285717,0.0,1.0,63,12,5,True,binary_mixed,3
199,0.8,0.1375,0.14464285714285713,0.0,1.0,64,11,5,True,binary_mixed,3
200,0.675,0.175,0.1875,0.0,1.0,54,14,12,True,binary_mixed,8
201,0.6666666666666666,0.3333333333333333,0.3333333333333333,0.0,1.0,6,3,0,True,binary_mixed,0
202,0.6666666666666666,0.3333333333333333,0.3333333333333333,0.0,1.0,6,3,0,True,binary_mixed,0
203,0.6666666666666666,0.3333333333333333,0.3333333333333333,0.0,1.0,6,3,0,True,binary_mixed,0
204,0.6666666666666666,0.3333333333333333,0.3333333333333333,0.0,1.0,6,3,0,True,binary_mixed,0
205,0.6666666666666666,0.3333333333333333,0.3333333333333333,0.0,1.0,6,3,0,True,binary_mixed,0
206,0.6666666666666666,0.3333333333333333,0.3333333333333333,0.0,1.0,6,3,0,True,binary_mixed,0
207,0.6666666666666666,0.3333333333333333,0.3333333333333333,0.0,1.0,6,3,0,True,binary_mixed,0
208,0.6666666666666666,0.3333333333333333,0.3333333333333333,0.0,1.0,6,3,0,True,binary_mixed,0
209,0.6666666666666666,0.3333333333333333,0.3333333333333333,0.0,1.0,6,3,0,True,binary_mixed,0
210,0.6666666666666666,0.3333333333333333,0.3333333333333333,0.0,1.0,6,3,0,True,binary_mixed,0
211,0.8,0.2,0.2,0.0,1.0,16,4,0,True,binary_mixed,0
212,0.8,0.2,0.2,0.0,1.0,16,4,0,True,binary_mixed,0
213,0.8,0.2,0.2,0.0,1.0,16,4,0,True,binary_mixed,0
214,0.8,0.2,0.2,0.0,1.0,16,4,0,True,binary_mixed,0
215,0.8,0.2,0.2,0.0,1.0,16,4,0,True,binary_mixed,0
216,0.8,0.2,0.2,0.0,1.0,16,4,0,True,binary_mixed,0
217,0.8,0.2,0.2,0.0,1.0,16,4,0,True,binary_mixed,0
218,0.8,0.2,0.2,0.0,1.0,16,4,0,True,binary_mixed,0
219,0.8,0.2,0.2,0.0,1.0,16,4,0,True,binary_mixed,0
220,0.8,0.2,0.2,0.0,1.0,16,4,0,True,binary_mixed,0
221,0.8,0.2,0.2,0.0,1.0,20,5,0,True,binary_mixed,0
222,0.8,0.2,0.2,0.0,1.0,20,5,0,True,binary_mixed,0
223,0.8,0.2,0.2,0.0,1.0,20,5,0,True,binary_mixed,0
224,0.8,0.2,0.2,0.0,1.0,20,5,0,True,binary_mixed,0
225,0.8,0.2,0.2,0.0,1.0,20,5,0,True,binary_mixed,0
226,0.8,0.2,0.2,0.0,1.0,20,5,0,True,binary_mixed,0
227,0.8,0.2,0.2,0.0,1.0,20,5,0,True,binary_mixed,0
228,0.8,0.2,0.2,0.0,1.0,20,5,0,True,binary_mixed,0
229,0.8,0.2,0.2,0.0,1.0,20,5,0,True,binary_mixed,0
230,0.8,0.2,0.2,0.0,1.0,20,5,0,True,binary_mixed,0
231,0.875,0.125,0.125,0.0,1.0,42,6,0,True,binary_mixed,0
232,0.875,0.125,0.125,0.0,1.0,42,6,0,True,binary_mixed,0
233,0.875,0.125,0.125,0.0,1.0,42,6,0,True,binary_mixed,0
234,0.875,0.125,0.125,0.0,1.0,42,6,0,True,binary_mixed,0
235,0.875,0.125,0.125,0.0,1.0,42,6,0,True,binary_mixed,0
236,0.875,0.125,0.125,0.0,1.0,42,6,0,True,binary_mixed,0
237,0.875,0.125,0.125,0.0,1.0,42,6,0,True,binary_mixed,0
238,0.875,0.125,0.125,0.0,1.0,42,6,0,True,binary_mixed,0
239,0.875,0.125,0.125,0.0,1.0,42,6,0,True,binary_mixed,0
240,0.875,0.125,0.125,0.0,1.0,42,6,0,True,binary_mixed,0
241,0.9,0.1,0.1,0.0,1.0,72,8,0,True,binary_mixed,0
242,0.9,0.1,0.1,0.0,1.0,72,8,0,True,binary_mixed,0
243,0.9,0.1,0.1,0.0,1.0,72,8,0,True,binary_mixed,0
244,0.9,0.1,0.1,0.0,1.0,72,8,0,True,binary_mixed,0
245,0.9,0.1,0.1,0.0,1.0,72,8,0,True,binary_mixed,0
246,0.9,0.1,0.1,0.0,1.0,72,8,0,True,binary_mixed,0
247,0.9,0.1,0.1,0.0,1.0,72,8,0,True,binary_mixed,0
248,0.9,0.1,0.1,0.0,1.0,72,8,0,True,binary_mixed,0
249,0.9,0.1,0.1,0.0,1.0,72,8,0,True,binary_mixed,0
250,0.9,0.1,0.1,0.0,1.0,72,8,0,True,binary_mixed,0
