FirmaID,UrunTID,Miktar,AlimSayisi
731,3190,2200,1
2027,3190,17465,19
3191,3190,12100,22
4775,3190,370150,72
6372,3190,1000,1
964,3337,2950,1
5751,3337,3000,1
6798,3337,4000,1
67,3347,6750,2
5751,3347,600,1
6372,3347,6100,6
6432,3347,850,1
9186,3347,20140,5
9782,3347,3070,4
885,3350,650,1
964,3350,9460,4
3008,3350,16000,1
4731,3350,600,1
4775,3350,3400,4
6885,3350,6000,3
7963,3350,3400,2
8194,3350,570,1
8397,3350,600,1
8847,3350,3100,1
794,3368,45000,10
3082,3368,177100,140
9319,3368,38500,19
4433,3802,2150,2
5096,4359,500,1
3008,6899,720,1
872,7914,3780,3
5798,7914,500,1
794,9608,136900,70
6372,9608,76430,50
6691,9608,21700,11
8666,9608,700,1
8847,10590,3350,1
6885,10608,10950,4
5096,11734,10600,7
5311,11734,1500,1
5751,11734,1000,2
10146,11734,1000,1
964,13972,900,1
5096,13972,2000,4
8397,13972,5790,3
8847,13972,13350,4
5798,15050,17100,1
6798,15050,4000,1
7749,15050,35224,2
8847,15050,4100,2
3797,16198,3500,5
6372,16198,2500,5
8179,16198,1500,1
794,17226,46300,10
6209,17226,5000,2
6577,17226,7000,3
6691,17226,49900,8
8725,17226,1500,2
2027,24349,4900,4
2537,24349,75425,20
3191,24349,18100,32
6372,24349,5500,3
8179,24349,26850,24
8796,24349,700,1
9608,24349,44150,7
666,25459,2600,2
8179,32083,1300,1
2007,34619,31576,5
5684,34619,19800,11
6372,34619,3400,3
666,40262,1150,1
666,40640,1450,2
872,40640,1300,1
5751,40640,1000,1
6209,40640,14500,3
8666,40640,6800,5
897,42168,6000,1
964,43396,18240,4
8397,43396,3860,1
6684,44464,29151,11
8179,44464,500,1
897,45337,44920,3
7721,45337,6500,6
7749,45337,10300,2
8540,45337,5600,2
8194,52198,700,1
25,52757,16400,6
666,52757,2500,3
897,52757,100903,14
1677,52757,3500,2
2842,52757,4000,2
3797,52757,28500,23
5751,52757,1000,2
7963,52757,4200,1
7989,52757,33557,18
8179,52757,13900,10
8811,52757,13300,11
9142,52757,700,1
9186,52757,3280,1
9572,52757,8500,9
9782,52757,3900,4
9829,52757,500,1
9975,52757,5500,8
3008,54690,4290,5
4775,54690,61300,19
8194,54690,7500,1
9608,54690,1000,1
9829,54690,1700,1
3331,56158,900,1
6684,56384,1365,1
715,57820,46500,30
39,60249,6350,1
6577,60249,114000,5
7311,60249,1450,1
7749,60249,10000,1
9319,60566,3000,1
872,61375,1200,1
3082,61375,37250,27
5336,61375,112750,102
5871,61375,1600,1
6567,61375,9800,11
6885,61375,443279,81
9151,61375,4500,3
5096,61459,18750,27
5751,61459,3700,3
9782,61459,2000,1
5096,61990,6450,9
8179,61990,5200,5
5336,63334,2600,3
8179,63334,1400,1
8816,63334,1200,1
8179,64535,1100,1
885,64670,560,1
964,64670,59940,18
974,64670,4500,2
2027,64670,500,1
2537,64670,4800,5
4775,64670,17450,7
5798,64670,24000,2
7311,64670,13750,1
8194,64670,3275,3
8725,64670,700,1
666,67849,1500,2
10146,67850,1600,2
3797,67854,1000,2
715,67871,2050,1
2537,67871,800,1
3008,69161,2470,1
9151,69252,1000,1
5333,69858,1400,1
7228,70788,1420,2
8725,70788,700,1
2842,71618,7450,5
2027,71746,1000,1
5336,72292,800,1
7311,72515,11350,1
3191,73320,30800,47
5751,73320,1500,2
6324,73320,1800,1
7228,73320,2700,1
8725,73320,1200,1
8796,73320,500,1
5336,74765,2400,3
8179,74765,1400,1
974,74868,650,1
3008,75502,1000,1
7311,75502,26400,2
5871,75796,3325,4
7721,76093,4750,5
734,77128,1610,3
3797,77128,11100,17
9319,78153,1000,1
9319,78156,1000,1
6209,78552,13700,9
3008,78646,2160,2
3797,78845,1200,2
5336,78845,4100,5
5871,78845,2850,1
9142,78845,1200,2
9151,78845,3000,3
5798,78847,1000,2
5871,78875,650,1
67,79643,3450,1
5871,79776,6900,2
5871,79777,6500,1
5871,79778,1700,1
2905,81320,10500,2
5871,81865,810,1
5871,81867,580,1
67,83192,3550,2
1677,83531,22400,9
3155,84131,2390,2
25,84355,6600,2
8179,84355,10550,4
8666,84355,500,1
8811,84355,1400,2
713,84548,15895,5
9829,84548,3550,2
713,84640,15755,8
872,84643,835,1
7228,84643,14900,7
1677,84702,17100,4
7228,84702,8492,4
9608,84795,17093,2
8179,84984,1000,2
8759,84984,1000,1
67,84996,24150,1
974,84996,3000,1
5871,85214,2100,2
885,85465,6016,8
713,85747,1280,1
2537,85747,6400,2
7228,86358,10350,6
5871,86670,11025,5
8759,87310,1000,1
974,88109,1100,1
2027,88109,23570,11
2905,88109,7600,2
5012,88109,2600,1
5311,88109,750,1
5333,88109,4900,4
5556,88109,1000,2
5871,88109,24700,12
6209,88109,1000,1
6372,88109,7450,3
6885,88109,1600,1
8397,88109,3090,1
8796,88109,950,1
9142,88109,500,1
9151,88109,1000,1
2537,88506,1220,2
6885,89289,50390,6
8194,89289,27342,8
6691,89512,1800,3
1677,89666,3800,2
7094,89666,1600,2
7963,89666,3550,2
8540,89708,11680,1
3289,89710,7050,5
715,91016,2800,1
3930,91016,1400,2
6885,91257,4335,2
2537,91655,1330,1
8666,91655,800,1
7963,91811,14550,5
5871,92254,2950,2
3191,92411,1750,1
2027,92567,4100,1
5871,92596,600,1
5871,92597,600,1
715,92879,3300,3
2537,92879,500,1
6372,92879,2500,2
8725,92879,6100,3
9186,92879,640,1
5336,93156,4600,5
3797,93157,1000,1
9151,93157,1000,1
5684,93554,1000,1
5684,93607,1000,1
974,93712,3645,1
2842,93712,19550,19
3797,93712,18500,37
5012,93712,1450,1
9782,93712,5000,7
5871,93731,22500,18
6577,93771,3000,4
4775,93780,10550,7
8816,93803,1000,1
7094,94274,5550,5
2537,94316,1250,2
1677,94408,5400,1
3797,94798,4500,4
7989,94798,2850,2
7989,95092,750,1
3797,95155,7500,12
3008,95157,4470,6
5871,95245,1800,2
8666,95345,1000,1
2027,96084,500,1
6885,96084,2100,1
5871,96177,550,1
8666,96232,800,1
9206,96232,500,1
4731,96600,2465,3
2842,96660,3750,2
2007,96720,4800,2
5684,96720,2400,3
6324,96720,17250,8
713,96882,3130,2
9782,96882,1590,3
6372,96929,1500,2
7228,96929,3500,5
7228,96935,8300,3
2537,97049,19100,8
6567,97329,7000,5
9975,97560,1500,1
5815,97564,800,1
5684,97866,1000,1
9782,98051,2000,2
3797,98084,1750,2
5871,98084,3470,3
872,98292,1350,1
3797,98505,1000,1
5751,98534,800,1
7989,98534,8170,7
897,98581,11700,2
4586,98582,4630,1
8759,98607,2000,1
715,98978,3300,1
5871,99042,6950,2
2842,99113,3750,3
734,99206,500,1
734,99207,500,1
4775,99516,6150,2
2842,99522,4400,4
3797,99522,1250,2
6324,99522,6100,2
9151,99522,1000,1
4775,99625,27000,6
4775,99628,18000,5
7749,99706,56580,4
715,99811,1850,1
9163,99899,500,1
3331,100565,1100,1
974,100581,1928,1
3797,100581,1900,3
974,100628,1800,1
9975,100796,1800,3
8725,100925,1000,1
715,101095,4390,3
1677,101250,8400,3
3797,101250,500,1
2027,101380,29560,29
2537,101416,4800,2
4775,101533,4200,1
7091,101638,2000,1
67,101653,2350,1
5798,101653,3600,1
9163,101653,700,1
897,101668,2400,1
3289,101668,800,1
872,101782,1000,1
6684,101797,4950,2
713,101899,1375,1
3008,101911,1350,1
2027,101948,5420,4
5751,101950,1000,2
8759,102236,2500,1
794,102242,1700,2
8759,102300,2500,1
8759,102301,1600,1
2027,102307,2263,2
3155,102545,855,1
5871,102635,12530,8
5012,102709,1370,2
2,103081,5000,1
974,103081,2250,1
2905,103081,5000,1
9142,103081,500,1
5096,103547,1000,1
5336,103625,80800,22
4586,103982,13615,2
5333,104356,2900,1
8179,104356,1800,1
9151,104356,1000,1
8194,104706,1000,1
6209,104719,1300,2
8725,104719,2500,1
7711,104807,1600,3
8179,104828,1000,1
3331,104833,1000,1
8179,104834,1000,1
7711,104843,3900,5
9366,104843,500,1
9366,104845,500,1
5871,104905,3000,2
10114,105046,1000,1
731,105061,4400,1
4586,105187,770,1
3797,105291,3120,3
5871,105311,3100,1
8796,105311,900,1
25,105628,2950,2
39,105628,6000,4
3289,105628,4250,2
5684,105628,2600,2
5871,105628,24590,14
7749,105628,2680,3
7963,105628,5000,1
9975,105628,1500,3
1677,105938,4000,2
8811,106087,2100,2
4586,106201,890,1
8666,106311,1600,2
6567,106332,600,1
6567,106334,500,1
6567,106335,1300,2
5556,106339,600,1
6798,106461,4000,2
8179,106461,1000,1
6234,106500,1000,2
2842,106573,800,1
2842,106580,800,1
7228,106608,4430,2
3930,106665,17588,8
5012,106674,520,1
1677,106790,1800,1
1677,106794,1800,1
974,106798,3800,1
8759,106817,1000,1
1677,106818,2000,1
3797,106873,600,1
5871,106895,1100,1
713,107321,1375,1
3797,107321,1000,1
5684,107321,3600,3
6234,107321,1000,2
8179,107321,2000,2
8759,107321,700,1
3331,107381,790,1
9319,107384,1000,1
8816,107385,2600,1
9319,107396,1000,1
7452,107398,3000,3
7452,107400,3000,3
5096,107436,700,1
6567,107462,1000,2
6567,107464,2700,4
6567,107465,1500,3
8179,107579,2300,2
5751,107581,1070,1
4775,107784,1400,1
6372,107784,800,1
2905,107811,2200,1
964,107974,2000,1
7989,108029,2540,1
6234,108104,1000,2
897,108181,13600,1
67,108237,2525,2
5751,108668,500,1
713,108678,9700,1
3797,108678,500,1
3797,108680,1100,2
2537,108855,900,1
6885,108855,2780,1
7311,108855,600,1
9186,108855,8700,1
8179,108856,2300,1
9151,108856,1000,1
872,108882,1000,2
9151,108931,1000,1
6372,108959,800,1
8194,108986,1300,1
713,108998,600,1
6567,109815,3000,1
4775,110138,5500,2
5815,110348,5000,9
3331,110402,600,1
8666,111059,1450,1
9366,111059,2000,2
6234,111123,1000,2
5333,111370,4215,2
5871,111407,1000,1
7963,111407,2050,1
872,111580,6200,1
3797,111651,2400,3
8666,111794,9750,6
3331,111813,650,1
7989,111816,3125,1
3331,111858,1200,1
9319,111868,1000,1
9319,111872,500,1
3331,111873,750,1
974,111906,850,1
3331,111908,750,1
8796,111908,1070,1
5311,111948,1100,1
713,112016,1650,1
974,112016,3598,1
8179,112077,2700,2
5684,112085,1000,1
713,112117,2550,2
6324,112117,4450,2
5751,112119,500,1
872,112123,22250,2
731,112301,825,1
7963,112630,6900,4
964,112646,1930,1
9206,112659,700,1
5556,112662,500,1
6885,112702,4195,1
3008,112710,1170,1
4586,112710,540,1
5871,112794,1020,1
5096,112902,800,1
9975,112918,500,1
9975,112932,500,1
6567,112940,600,1
6567,112941,500,1
4433,113000,800,1
9975,113125,3000,2
3008,113171,2300,1
9186,113171,5535,3
6885,113181,3225,1
8194,113181,70170,6
5096,113206,1000,1
5096,113294,1000,1
2905,113309,20000,2
3797,113309,1200,2
5684,113309,4000,3
5871,113309,2170,1
6209,113309,2000,2
8179,113309,1000,1
9151,113313,1000,1
8796,113369,1070,1
7091,113371,2000,1
5815,113383,1500,2
10114,113596,1000,1
974,113602,2668,1
7091,113617,1000,1
7091,113618,1000,1
7091,113619,1000,1
7091,113620,1000,1
7091,113621,1000,1
7091,113623,2000,1
7091,113624,2000,1
7091,113625,2000,1
7091,113626,2000,1
7091,113627,2000,1
2905,113653,5000,1
2007,113680,2884,1
3331,113681,750,1
872,113840,3215,3
2537,113840,8200,3
8179,113938,500,1
8179,113986,500,1
8725,113988,4500,2
67,114225,2300,1
3797,114300,700,1
5815,114397,1500,2
713,114630,1175,1
8816,114634,900,1
8759,114719,2000,1
5684,114751,2000,2
7094,114935,650,1
872,115039,6051,4
1677,115044,3300,1
3797,115405,700,1
7963,115405,1100,1
3797,115407,700,1
2842,115409,700,1
5333,115413,2600,1
2842,115415,550,1
10114,115417,1000,1
10114,115420,1000,1
9319,115468,1000,1
5096,115479,1000,1
974,115501,1291,1
6234,115501,500,1
9186,115609,3625,2
897,115672,19660,4
5684,115672,600,1
9782,115672,600,1
8759,115729,3500,1
2842,116030,1300,1
4586,116061,5460,1
2842,116108,500,1
8666,116179,2200,1
6209,116212,1000,1
6209,116214,1000,1
964,116309,13530,8
6691,116546,600,1
2842,116583,5400,6
872,116584,2080,2
885,116600,3900,1
7989,116600,2250,1
8759,116600,3000,1
9319,116600,1000,1
6691,116614,600,1
6691,116618,600,1
6691,116619,600,1
7094,116675,750,1
734,116683,5300,4
734,116686,7050,5
6691,116736,600,1
872,117016,1300,1
3331,117016,950,1
6684,117016,23984,5
731,117175,4750,1
731,117473,3850,2
8179,117473,1200,1
6577,117482,500,1
8179,117482,1200,1
4433,117498,750,1
6567,117553,2700,4
964,117567,1200,1
2027,117567,1200,1
3331,117567,1900,2
4775,117567,6250,2
5871,117567,4260,1
8666,117567,1000,1
8796,117567,750,1
713,117765,8605,8
8179,117783,1500,1
6324,118031,6850,4
5096,118035,650,1
5556,118040,1600,3
794,118041,700,1
5556,118041,1000,2
5556,118042,1000,2
2842,118047,1000,1
5556,118047,2100,4
6432,118047,24250,4
7091,118047,32000,7
9572,118047,1000,2
6567,118090,800,1
2537,118324,2100,1
4433,118376,750,1
6209,118394,600,1
9366,118461,1000,1
3331,118497,550,1
8847,118498,3300,1
8397,118536,700,1
713,118537,3000,1
8397,118537,500,1
3008,118545,8600,1
9151,118552,1000,1
872,118605,5950,3
964,118605,17151,2
3008,118605,1900,1
6432,118605,29100,3
7452,118605,2500,3
9151,118605,2000,1
9975,118605,600,1
713,118620,3000,1
4433,118725,1200,1
5556,118725,2800,4
9782,118725,800,1
9572,118782,1000,2
9572,118783,1000,2
9782,118791,550,1
7094,118995,1000,1
4775,119016,8300,4
4775,119017,1000,1
4731,119073,1000,1
6372,119117,500,1
4433,119121,1050,1
2905,119211,2400,1
6567,119233,700,1
974,119240,4000,2
3331,119240,700,1
4433,119437,6500,1
3008,119451,4600,1
872,119474,1475,1
7989,119474,2900,1
974,119476,2907,2
3797,119476,500,1
6324,119476,1350,1
9151,119476,3000,1
9163,119476,600,1
3797,119483,500,1
5871,119500,1250,1
4586,119533,2885,1
8179,119535,1500,1
3008,119607,1680,1
5871,119607,10300,2
9975,119631,600,1
5871,119679,5400,4
9366,119681,1000,1
2537,119724,2700,2
8759,119874,1700,1
713,119924,2080,1
2027,120018,3390,2
7711,120063,1800,2
8666,120088,1600,1
5871,120207,780,1
9782,120262,1000,2
3797,120321,1000,2
8540,120321,5020,1
25,120333,28400,2
39,120333,27400,3
897,120333,55000,3
3082,120333,2000,4
6432,120333,61650,3
7749,120333,51365,3
7989,120333,2180,1
9163,120333,500,1
9829,120333,6300,8
6577,120334,500,1
974,120336,1500,1
2905,120336,5500,1
5871,120336,4250,1
5336,120383,1000,1
3797,120401,1200,2
3797,120404,1200,2
5336,120406,1000,1
9782,120655,800,1
3289,120746,15800,8
9151,120746,1000,1
8179,120760,1000,1
7711,120797,5300,6
3930,120843,3985,2
6684,120843,4038,4
10146,120843,600,1
4731,120876,1000,1
8759,120890,700,1
9572,120906,1250,2
974,120974,5331,3
5556,120974,1800,2
5336,121002,1500,1
7094,121068,2900,1
8759,121291,1300,1
9206,121291,1350,1
7452,121314,500,1
7452,121316,500,1
7452,121317,500,1
7452,121321,500,1
5815,121328,5700,7
5871,121336,7800,3
8179,121336,1200,1
974,121352,2560,2
3289,121352,2000,1
7452,121352,1000,1
7711,121352,2200,3
713,121403,1500,1
713,121523,1750,1
5684,121529,2000,2
2007,121581,4940,1
7711,121587,2600,4
2007,121588,7280,1
8666,121628,1950,1
7452,121779,500,1
7452,121802,500,1
713,121807,1000,1
6567,121876,750,1
6567,121880,700,1
6567,121887,1000,1
4775,121984,5800,1
7963,122003,600,1
3331,122050,750,1
7721,122050,1500,1
2842,122083,1300,1
666,122113,750,1
7963,122404,1200,1
7963,122408,1050,1
2842,122415,2500,2
10114,122490,1000,1
3331,122524,650,1
5815,122524,4000,6
8194,122524,4548,1
9206,122524,550,1
5815,122526,4600,6
8194,122526,2063,1
8811,122526,1000,1
5815,122527,500,1
9206,122527,550,1
2537,122541,3500,2
885,122571,3180,2
9206,122571,4400,5
872,122572,3750,2
5333,122572,2100,1
6324,122572,13700,4
8759,122582,700,1
7452,122652,1000,2
9163,122652,500,1
974,122747,3150,2
2842,122747,1000,1
794,122806,700,1
6234,122806,500,1
6432,122806,7450,1
7452,122806,500,1
5751,122808,1000,1
897,122848,11270,1
8179,123018,1000,1
8179,123027,1000,1
8179,123028,1000,1
666,123098,1300,1
9319,123117,1000,1
9206,123119,800,1
974,123212,9105,5
2007,123223,6960,1
5871,123223,4600,1
3155,123306,2186,2
3155,123315,1164,1
6684,123363,11643,5
2842,123379,500,1
6691,123379,600,1
715,123629,500,1
3930,123719,14190,4
5556,123742,1600,2
713,123743,2750,1
1677,123746,2100,1
3155,124010,2280,1
6432,124010,17750,2
6885,124010,2980,1
964,124212,550,1
7711,124270,1750,2
3797,124304,500,1
3191,124306,4900,7
3797,124306,500,1
964,124374,600,1
2842,124380,800,1
4433,124386,800,1
8179,124395,1000,1
5815,124396,1500,2
2842,124407,600,1
3797,124427,500,1
3797,124429,500,1
5815,124458,1000,1
6577,124504,1000,2
6372,124556,4500,4
5684,124565,1000,1
7711,124577,800,1
731,124740,825,1
974,124747,8640,1
3008,124832,1080,1
3797,124832,700,1
3797,124835,500,1
713,124842,2230,1
885,124930,7195,9
794,124933,1000,1
9366,124939,1000,1
7989,125018,2300,1
713,125051,8825,5
1677,125063,2100,1
8847,125063,870,1
8796,125076,750,1
7094,125129,2000,1
7094,125131,1600,1
9319,125131,1000,1
7094,125132,800,1
9319,125132,1000,1
9319,125135,1000,1
5096,125137,500,1
7989,125137,5740,2
7094,125139,1600,1
5815,125144,500,1
5815,125145,500,1
9186,125200,5087,1
9186,125203,5950,1
2905,125250,2500,1
4775,125280,7600,3
715,125289,2200,1
8816,125306,1950,1
9142,125340,500,1
9142,125349,500,1
5815,125474,1700,3
3082,125506,500,1
2905,125511,36000,3
6234,125533,1400,2
3930,125570,8400,1
7311,125695,1730,1
7311,125697,740,1
5871,125817,3310,1
3191,125830,1000,2
6798,125857,2050,1
8759,125885,3800,1
5012,125928,2170,1
713,126031,1700,2
8816,126031,2720,1
2027,126034,2366,3
10114,126034,1000,1
974,126035,5100,1
4775,126068,14650,8
3930,126079,12500,1
7989,126079,1610,1
5815,126087,500,1
2027,126089,500,1
8179,126122,1100,1
7228,126124,6450,3
8179,126124,1100,1
9206,126124,500,1
7228,126126,3750,1
8179,126126,1100,1
5311,126342,3150,2
4775,126407,5950,2
3008,126511,27350,3
3008,126514,13200,3
5096,126873,700,1
5096,126874,700,1
5096,126880,500,1
5096,126881,500,1
5096,126882,500,1
5871,126918,2620,2
5871,126937,4900,2
5096,126946,750,1
5096,126947,750,1
3008,126949,1330,1
5096,126962,500,1
6798,127018,10050,2
8796,127018,750,1
67,127229,2200,1
713,127236,4000,3
3008,127236,3570,1
9142,127287,500,1
9142,127291,500,1
6372,127332,800,1
6209,127383,1000,1
713,127400,1870,1
2537,127422,4320,2
6324,127423,1080,1
897,127424,2776,1
2905,127428,3500,1
5871,127428,3200,2
5096,127452,500,1
5096,127453,500,1
3191,127563,500,1
8194,127564,1400,1
3008,127592,2650,1
6684,127697,1239,2
10114,127890,1000,1
3008,127948,10500,1
5815,127983,500,1
5815,127984,500,1
3331,127985,600,1
5815,127985,1200,2
794,127986,700,1
9151,127986,1000,1
9975,127989,1000,1
8816,128047,2050,1
5815,128062,850,1
974,128072,1309,1
8811,128072,500,1
8179,128137,1000,1
9319,128181,500,1
9319,128182,500,1
9319,128183,500,1
9319,128184,500,1
8397,128186,850,1
974,128195,5600,2
7711,128195,500,1
6885,128205,29268,5
4775,128251,4350,2
4775,128252,2000,1
2007,128280,19760,7
2905,128280,60000,2
713,128306,1600,1
7989,128463,3700,2
9142,128481,18500,22
3930,128504,1080,1
964,128637,8500,1
1677,128704,2000,1
713,128812,1215,1
6234,128843,500,1
8194,128894,5021,1
9163,128894,500,1
9829,128894,1000,1
7711,128909,1000,1
5096,129012,500,1
8811,129031,1100,1
2842,129044,2200,1
5096,129057,500,1
5096,129058,650,1
10114,129093,1000,1
6684,129096,43147,1
974,129100,2129,1
5333,129134,1740,1
666,129135,1800,1
974,129140,3900,1
974,129142,3900,1
974,129144,4500,1
5096,129159,500,1
897,129251,10700,2
974,129251,3400,1
8179,129278,1100,1
8179,129280,1000,1
964,129282,5800,1
9975,129282,500,1
8179,129283,1000,1
9975,129283,2500,4
9975,129284,500,1
9206,129312,1650,2
3008,129361,3400,2
9366,129373,2000,2
3191,129413,1000,2
3191,129414,1000,2
6567,129516,3000,3
9206,129533,1000,1
5815,129604,500,1
5815,129610,500,1
3008,129611,5530,1
5815,129611,3900,6
5815,129617,4200,6
8397,129622,500,1
6684,129647,9100,1
9975,129661,1500,1
7530,129667,2000,1
974,129853,1485,1
974,129860,1345,1
3797,129892,500,1
3797,129893,500,1
9206,129895,1000,1
39,129953,2500,1
39,129957,2500,1
39,129958,2500,1
6209,129958,5100,1
872,129986,3125,1
9142,129986,750,1
3797,129989,2200,3
8179,130060,2000,1
6885,130104,2060,1
7091,130133,10000,1
7963,130140,1100,1
7091,130146,22500,6
6567,130196,500,1
6567,130197,500,1
6567,130198,1800,3
6567,130200,500,1
5815,130212,2500,3
9975,130212,1000,1
6234,130213,500,1
6234,130217,500,1
2537,130232,800,1
3289,130234,4500,1
6567,130290,700,1
6567,130292,700,1
6567,130293,600,1
6567,130294,1600,2
6567,130297,700,1
6567,130300,1500,2
6567,130301,700,1
6567,130305,700,1
6567,130306,500,1
6567,130307,1000,1
6567,130310,700,1
6567,130312,700,1
6567,130313,600,1
6567,130323,500,1
974,130341,3700,1
3008,130345,1000,1
872,130409,500,1
2537,130414,3270,3
7711,130430,4900,6
897,130437,4000,1
2007,130469,2145,1
2537,130479,600,1
5815,130520,500,1
974,130522,3421,1
5815,130522,500,1
8397,130532,500,1
8397,130556,7500,2
6567,130590,1000,1
6372,130609,500,1
4586,130628,4935,3
5815,130646,2500,3
4433,130660,1300,1
6432,130668,1250,1
4433,130669,1200,1
8540,130669,1320,1
25,130674,3850,1
5871,130679,18630,5
9366,130748,1000,1
8540,130829,600,1
897,130853,82694,11
8847,130853,9850,1
9186,130853,3060,1
8666,130884,1000,1
9206,130899,700,1
713,130911,8000,2
3797,130912,500,1
974,130944,2600,1
3155,130950,1740,1
3155,130953,1160,1
3797,130955,500,1
3082,131009,21350,23
3008,131025,1215,1
6209,131028,1800,1
9829,131071,600,1
9206,131074,1250,2
10114,131095,1000,1
9206,131103,650,1
5311,131354,2000,2
5311,131356,1000,1
5311,131358,850,1
6567,131402,600,1
6567,131403,2000,3
6567,131422,500,1
6567,131525,1500,2
6567,131527,1500,2
6567,131530,1500,2
6567,131533,1000,1
6567,131535,1000,1
4731,131641,1750,1
4731,131643,1750,1
3797,131715,700,1
7989,131905,950,1
6691,131969,500,1
897,132007,9000,1
897,132008,7300,1
2027,132022,800,1
6798,132022,630,1
666,132107,7500,1
2027,132107,2350,2
7311,132116,37500,2
39,132178,2450,1
666,132189,5800,1
3008,132189,1100,1
7711,132243,1800,2
715,132290,3550,1
5012,132322,750,1
715,132333,1750,1
7311,132344,14000,1
734,132352,1000,1
974,132362,2500,1
9163,132372,500,1
9163,132414,500,1
872,132426,1600,1
897,132426,95749,12
8540,132426,9500,2
8847,132426,23800,2
9163,132437,500,1
9163,132439,500,1
6577,132442,600,1
885,132491,6156,1
897,132498,13000,1
6432,132498,1000,1
897,132502,14890,2
9186,132502,4660,1
6885,132541,2630,1
8194,132554,3124,1
713,132640,4000,1
713,132642,2200,1
3008,132645,2520,1
4586,132649,2450,1
713,132655,1450,1
2027,132664,2600,1
2027,132677,17200,3
5311,132677,1100,1
2027,132681,950,1
5096,132707,700,1
5096,132708,700,1
5096,132709,700,1
7091,132718,5000,1
7094,132749,2500,1
9151,132801,1000,1
7749,132805,5800,1
7749,132812,5350,1
7749,132813,5500,1
7749,132816,5800,1
897,132825,17342,1
974,132879,3000,1
2842,132926,1200,1
10114,132926,1000,1
5012,133105,19500,1
10114,133146,500,1
1677,133152,1300,1
1677,133154,1300,1
666,133159,900,1
974,133183,750,1
974,133184,750,1
7094,133302,650,1
7228,133314,2200,1
897,133351,18170,2
39,133383,1200,1
7094,133418,2200,1
7530,133425,1000,1
7721,133434,750,1
7721,133437,750,1
5871,133439,1680,1
2537,133482,1000,1
5336,133519,1000,1
5336,133521,1000,1
5336,133527,1000,1
5336,133533,1000,1
5336,133535,1000,1
5336,133538,1500,1
5336,133540,1000,1
5336,133543,1000,1
5336,133544,1000,1
5336,133553,1000,1
5336,133555,1500,1
6567,133586,700,1
6567,133588,1000,1
6567,133590,1000,1
6567,133593,800,1
6567,133597,800,1
6567,133601,800,1
6567,133603,1000,1
734,133612,500,1
9163,133612,500,1
8179,133694,800,1
8179,133707,800,1
8179,133708,1400,1
8540,133711,2100,1
5798,133777,5050,3
6798,133789,2200,1
734,133806,1400,1
4775,133860,3300,1
4775,133863,1100,1
4775,133865,2550,1
4775,133867,2200,1
8816,133904,2040,1
8816,133909,2015,1
4433,133923,850,1
5871,133930,600,1
7094,134017,700,1
7094,134019,1500,1
7094,134020,1700,1
3082,134182,1500,1
713,134201,1750,1
5096,134203,1000,1
5096,134205,1000,1
6432,134209,1900,1
8759,134244,1000,1
7228,134296,4250,2
5871,134394,3320,2
9206,134403,850,1
6567,134409,1200,1
6567,134411,800,1
6567,134413,700,1
6567,134414,700,1
6567,134415,500,1
6567,134416,900,1
6567,134417,900,1
6567,134420,900,1
6567,134424,700,1
6567,134429,1000,1
5333,134457,5300,2
2027,134490,600,1
2027,134492,700,1
5096,134492,500,1
6567,134500,1000,1
6567,134509,700,1
6567,134510,1000,1
6209,134517,700,1
2537,134537,780,1
713,134561,2200,1
4433,134561,1200,1
7091,134615,2000,1
5333,134719,1100,1
25,134725,41250,2
7094,134748,800,1
2027,134879,4400,1
6432,134961,16246,1
2007,134980,2210,1
9782,134980,500,1
6432,135029,20715,2
7094,135029,1350,1
25,135064,2100,1
6567,135082,600,1
6567,135083,500,1
9366,135150,500,1
9366,135151,500,1
39,135157,10350,1
5871,135166,3850,1
974,135204,1150,1
974,135218,1053,1
6209,135218,700,1
7091,135218,151300,61
8397,135244,1770,1
9366,135255,1000,1
7094,135262,1100,1
6372,135267,1500,1
39,135293,8200,1
6577,135296,1000,2
9186,135302,3900,1
9608,135302,1250,2
6577,135306,1950,3
7094,135308,1500,3
6577,135309,1800,3
2007,135310,1540,1
2905,135310,18000,1
6577,135310,1000,2
8725,135310,2700,1
666,135312,1300,1
6324,135313,4950,3
9608,135313,7250,2
5815,135348,500,1
6432,135395,22667,1
974,135400,2500,1
9163,135400,500,1
25,135411,3400,1
6885,135420,7750,8
39,135445,3000,1
25,135460,3600,1
25,135469,1650,1
5336,135524,1000,1
5336,135554,1000,1
2027,135558,1050,1
7963,135639,2050,1
2537,135653,1800,1
6885,135659,1700,1
6324,135705,12350,2
5012,135708,920,1
974,135710,2271,1
3331,135710,1200,2
8796,135719,500,1
4775,135776,1100,1
7963,135783,1200,1
7711,135802,800,1
2007,135808,3080,1
5336,135819,1000,1
4775,135823,2200,1
4775,135824,750,1
4775,135825,900,1
4775,135826,2150,1
67,136011,35600,2
3797,136011,1000,2
9975,136019,1000,1
2027,136020,900,1
2537,136020,2500,1
7530,136020,1000,1
5871,136023,3080,1
9206,136049,4250,5
6372,136148,1400,1
6372,136152,1500,2
7721,136186,750,1
3331,136191,850,1
7721,136191,1000,1
6798,136196,3800,1
9151,136196,1000,1
9151,136212,1000,1
713,136254,3070,2
713,136277,1310,1
8847,136285,2900,1
8847,136288,2900,1
4433,136294,850,1
5815,136294,1000,2
9151,136303,1000,1
6432,136412,16750,1
9366,136419,1000,1
5311,136535,2785,1
4433,136585,800,1
6372,136619,500,1
8725,136726,4000,2
9608,136726,500,1
1677,136770,2100,1
1677,136771,2100,1
8666,136780,1100,1
9782,136791,1000,1
897,136806,6700,1
3082,136850,2300,1
6798,136907,2000,1
2842,137180,500,1
7721,137247,1250,1
897,137336,6198,1
4775,137417,3950,1
4775,137418,3950,1
4775,137420,4400,1
4775,137421,4351,2
3289,137612,3600,1
9206,137728,1400,2
6885,137757,1710,1
9782,138020,1000,1
5871,138228,1150,1
9151,138263,6000,6
897,138291,2500,1
872,138294,1060,1
8811,138366,750,1
7721,138367,750,1
39,138491,2450,1
897,138491,20700,6
6372,138580,3100,3
6372,138582,500,1
6372,138584,500,1
4775,138599,1050,1
897,138603,9450,1
4775,138616,2000,1
4775,138618,800,1
4775,138619,800,1
3331,138645,1000,1
897,138777,13382,1
8847,138777,6840,1
5871,138954,2220,1
5815,138976,1500,2
9975,138980,1000,1
8179,138994,1000,1
1677,139011,2400,1
713,139031,3000,1
2027,139033,900,1
6372,139041,500,1
713,139046,2860,1
715,139109,1850,1
5871,139118,1350,1
5871,139119,1450,1
872,139135,2500,1
885,139230,950,1
9151,139230,1000,1
713,139272,1950,3
5871,139298,2700,1
8540,139325,3000,1
666,139382,900,1
2027,139439,6400,5
5798,139551,4700,2
2,139588,4830,1
897,139608,26000,2
6798,139610,2000,1
713,139619,600,1
5798,139659,6100,2
5798,139664,6400,2
5815,139683,500,1
39,139693,2600,2
39,139703,2600,2
3155,139707,1830,1
39,139712,2600,2
666,139750,600,1
666,139784,1350,1
666,139787,5400,2
7228,139884,5000,2
5871,139886,1860,2
3930,139896,6360,3
10146,139896,600,1
4775,139910,3500,1
4775,139915,1750,1
4775,139918,1000,1
4775,139921,5450,2
4775,139922,1800,2
9782,139954,1200,1
713,139978,2000,1
8540,140000,600,1
8540,140026,7000,1
6567,140031,1000,1
5798,140107,4000,1
8179,140121,3500,1
7721,140127,750,1
3797,140150,500,1
6209,140167,1000,1
7311,140171,3500,1
9975,140171,1600,2
5871,140185,650,1
666,140190,3100,1
2842,140194,1500,1
6798,140196,630,1
6798,140198,2050,1
3082,140244,1000,1
9975,140244,1500,2
5815,140245,500,1
9975,140246,500,1
964,140339,1000,1
9186,140481,1840,1
6577,140524,1000,2
8540,140559,7000,1
9975,140559,1000,1
9206,140637,6950,3
9206,140638,2600,3
5096,140639,500,1
3191,140675,3600,5
6885,140684,1800,1
2537,140695,2000,1
2537,140696,1500,1
964,140699,4550,3
8811,140758,500,1
8811,140759,500,1
9186,140768,4400,1
872,140779,2020,1
9975,140799,1000,1
8179,140807,1500,1
666,140819,6050,5
9608,140893,7000,1
974,140901,1706,1
9975,140927,500,1
3930,140951,15000,1
8179,140957,2000,1
9572,140962,500,1
5684,140964,500,1
5684,140969,1000,1
7721,141015,500,1
7721,141016,750,1
4775,141076,1800,1
9975,141076,600,1
4775,141116,1800,1
5815,141125,500,1
6684,141127,2015,1
9206,141151,600,1
9206,141152,600,1
9206,141153,600,1
885,141203,890,1
8811,141237,750,1
9572,141237,500,1
964,141239,4950,2
5012,141253,800,1
9975,141299,1500,2
713,141318,4375,2
713,141362,3775,1
8847,141387,1900,2
8847,141392,18000,1
5012,141410,1270,1
9130,141426,1120,1
974,141442,1530,1
6432,141442,2100,1
974,141445,1530,1
6432,141445,2100,1
3082,141669,2400,2
3082,141670,6600,5
9186,141707,39980,2
5871,141713,9285,4
2842,141824,700,1
666,141847,2350,1
2842,141849,550,1
5556,141886,900,1
9572,141908,500,1
6209,141949,2200,1
6209,141950,1350,1
6209,141951,2600,1
9206,141975,600,1
3082,141986,500,1
3082,141987,500,1
4775,142062,1050,1
7721,142066,1000,1
4586,142224,3740,1
3155,142232,4650,1
3155,142233,4750,1
713,142274,2620,1
5871,142274,1000,1
8847,142275,13000,1
9186,142295,1000,1
8847,142440,3600,1
974,142545,850,1
2007,142549,4000,1
6209,142571,1100,1
1677,142573,2200,1
9130,142578,1700,2
3008,142728,2650,1
3008,142732,2480,1
715,142795,1000,1
4775,142812,1800,1
7094,142856,1750,1
4775,142899,1650,1
2905,142949,3800,1
872,143124,1300,1
9829,143320,500,1
8811,143368,1000,1
7530,143376,3000,2
872,143442,3075,1
872,143446,3075,1
794,143471,5000,2
9130,143522,2450,1
9130,143523,2450,1
9130,143532,610,1
9130,143533,700,1
731,143904,19900,1
4586,143937,5090,1
9151,144011,1000,1
9572,144049,500,1
9572,144050,500,1
9572,144051,500,1
7311,144113,22400,1
9572,144125,1250,2
6885,144129,2450,1
39,144190,4000,1
7311,144223,15000,1
6432,144262,6650,1
9975,144262,500,1
5871,144287,630,1
5871,144291,630,1
5871,144294,630,1
9975,144393,1000,1
713,144499,900,1
67,144525,2900,1
2027,144552,4000,1
9186,144592,1080,1
6324,144674,2300,1
6684,144738,6049,2
964,144750,4594,2
2842,144869,500,1
6885,144901,2400,1
5815,144956,800,1
9130,144957,500,1
5815,144960,800,1
9130,144963,500,1
9130,144964,500,1
4731,144972,1000,1
7721,145112,1000,1
731,145160,33000,2
2905,145172,800,1
2027,145196,1060,1
2027,145197,3340,2
39,145238,4500,1
2027,145351,5300,1
2027,145361,2300,1
3082,145443,2000,3
897,145459,26714,6
964,145471,6500,1
3289,145495,8000,1
713,145502,575,1
2537,145510,2700,1
2027,145523,900,1
8847,145544,1300,1
2537,145577,1000,1
5096,145593,1700,2
872,145604,1180,1
25,145708,5000,1
6209,145771,3300,2
9975,145771,2950,2
4731,145814,513,1
734,145833,750,1
10354,145870,500,1
10354,145871,500,1
872,145918,2800,1
9975,145971,500,1
4731,146051,798,1
6432,146148,1700,1
2537,146177,850,1
4775,146278,2800,1
4775,146281,2700,1
4433,146355,750,1
713,146361,1540,1
872,146422,1300,1
872,146424,1300,1
2027,146466,1450,1
8725,146531,3630,1
6432,146686,5750,1
2905,146714,900,1
5096,146719,700,1
9608,146780,1700,1
964,146786,5432,1
9829,146908,600,1
4731,147076,561,1
964,147098,2180,1
5871,147121,675,1
4775,147250,650,1
4775,147280,1800,1
4775,147281,1600,1
4775,147282,1600,1
872,147326,2300,1
7711,147397,1600,1
7711,147398,700,1
7711,147399,500,1
3289,147409,2850,1
885,147679,1100,1
5815,147730,800,1
666,147761,1000,1
731,147873,9200,1
7311,147941,2350,1
3008,147946,1680,1
9608,148005,1500,1
10146,148087,500,1
10146,148088,500,1
10146,148089,500,1
6885,148101,11350,1
25,148155,1650,1
9130,148237,3140,2
9130,148245,7800,2
3008,148287,10250,2
4775,148369,1000,1
4775,148373,2100,1
4775,148375,2100,1
10354,148488,500,1
10354,148489,500,1
10354,148491,500,1
10354,148500,500,1
10354,148505,500,1
10354,148507,500,1
10354,148510,500,1
3191,148569,500,1
25,148639,1850,1
6885,148677,11350,1
885,148678,1500,1
7721,148678,10000,6
7749,148788,6900,2
8811,148896,800,1
7530,148947,5000,1
9829,149003,1000,1
7530,149079,1000,1
7530,149093,2000,1
7530,149245,1000,1
7530,149249,1000,1
25,149341,900,1
872,149431,1400,1
897,149456,8660,1
3008,149462,22300,2
9829,149482,1000,1
9975,149519,700,1
9975,149520,700,1
9186,149551,8950,1
7311,149605,2100,1
10146,149661,500,1
666,149740,1100,1
872,149823,1100,1
897,149853,8515,1
9829,149884,1000,1
7228,150088,3150,1
8847,150119,23000,2
897,150133,2450,1
2,150148,500,1
8811,150170,1000,1
9975,150170,500,1
2,150219,500,1
2,150220,500,1
2,150223,500,1
2,150224,500,1
2,150225,500,1
2,150226,500,1
2,150228,500,1
2,150229,500,1
2,150230,500,1
7228,150276,3150,1
3289,150297,2850,1
5311,150366,1000,1
897,150370,8515,1
6432,150508,15000,1
8540,150562,11690,1
6885,150863,10000,1
6885,150864,10000,1
2842,150888,1600,1
2842,150890,800,1
897,150918,6047,1
666,151037,3800,1
10146,151133,1000,2
2,151244,1000,1
2537,151415,800,1
2537,151421,800,1
