user_id,50,258,100,181,294,286,288,1,300,121,174,127,56,7,98,237,117,172,222,313,204,405,79,210,151,173,69,748,168,269,257,195,423,9,276,318,22,302,328,96,25,118,15,183,216,176,64,202,234,191,28,89,111,275,12,742,357,82,135,289,238,97,268,546,70,333,186,196,475,153,132,228,125,144,483
405,1,0,0,1,0,0,1,0,0,0,1,1,1,0,1,0,0,1,0,1,1,0,1,1,0,1,1,0,0,0,0,1,1,0,0,1,1,1,0,0,0,0,0,0,0,0,1,1,1,1,1,0,0,0,1,0,1,1,1,0,1,0,0,0,0,0,1,0,0,0,1,0,0,0,0
655,1,0,0,0,0,0,0,0,0,0,0,1,0,0,1,0,0,1,0,1,0,0,1,0,0,0,0,0,0,0,0,0,0,0,1,1,0,1,0,0,0,0,0,1,1,0,1,0,0,1,0,1,0,1,0,0,1,0,1,0,0,0,0,0,0,0,0,0,0,0,0,0,0,0,1
13,1,1,1,1,0,0,0,0,0,1,1,1,1,0,1,1,0,1,0,1,1,0,0,0,0,0,1,1,1,0,0,0,1,0,1,0,1,1,0,1,0,1,0,1,0,0,1,1,1,0,1,1,1,0,1,0,0,0,1,0,0,1,1,0,0,0,1,1,0,1,1,1,0,1,1
450,1,1,1,1,1,1,0,1,1,0,1,1,1,1,1,1,1,1,0,1,1,1,1,0,1,1,1,1,1,1,0,1,1,0,0,1,1,1,1,1,0,0,0,1,1,1,1,1,0,1,1,1,1,1,1,1,1,0,0,0,1,1,0,1,1,0,0,1,0,1,1,1,1,1,0
276,1,1,1,1,1,0,1,1,1,1,1,1,1,1,1,1,1,1,1,1,1,0,1,1,1,1,1,0,1,1,1,1,1,1,1,1,1,1,1,1,1,0,0,1,0,1,1,1,1,0,1,1,0,0,1,1,1,1,1,0,1,0,1,0,1,1,1,1,1,1,0,1,1,1,0
416,1,1,1,1,1,1,1,1,1,1,1,1,1,1,1,0,1,1,0,1,1,1,1,1,0,1,1,1,1,1,0,1,1,1,0,1,1,1,1,1,1,0,1,1,1,1,1,1,1,1,1,0,1,1,1,1,1,1,0,0,1,1,1,0,1,1,0,1,0,1,1,0,1,1,0
537,1,1,1,0,0,0,0,0,0,0,0,1,1,1,0,0,0,0,0,1,0,0,0,0,0,1,0,0,1,0,0,0,0,0,1,1,0,1,0,0,0,0,0,0,0,0,0,0,0,1,0,1,0,1,0,0,1,0,1,0,1,0,1,0,1,0,1,0,1,0,0,0,0,0,1
303,1,1,1,1,1,1,1,1,0,0,1,1,1,1,1,1,0,1,0,0,1,1,1,1,1,1,1,0,1,1,1,1,1,1,1,1,1,1,0,1,1,0,0,1,1,1,1,1,1,1,0,0,0,0,1,1,1,1,0,0,1,1,1,0,1,1,1,0,1,1,1,1,0,1,1
234,1,0,1,0,0,0,0,0,0,0,0,1,0,0,1,0,0,0,0,1,0,0,0,0,0,0,1,0,0,0,0,0,1,0,0,1,1,0,0,0,0,0,0,1,0,0,1,0,1,1,1,0,0,0,0,0,1,0,1,1,0,0,0,0,0,0,0,0,0,0,1,0,0,0,1
393,1,1,0,1,1,0,0,0,0,1,0,0,0,1,0,1,1,1,1,1,1,1,1,1,0,1,1,0,1,0,1,0,0,1,0,0,1,1,1,1,0,1,0,0,0,0,1,0,0,0,1,0,0,1,1,1,0,1,0,0,0,1,0,0,0,1,0,1,0,0,0,0,1,0,1
181,0,0,0,0,0,0,1,0,0,1,0,0,0,1,0,1,0,0,1,0,0,1,0,0,0,0,0,0,0,0,0,0,0,1,0,0,0,0,0,0,1,0,0,0,0,0,0,0,0,0,0,0,0,0,0,1,0,0,0,1,0,0,0,0,0,0,0,0,0,0,0,0,0,0,0
279,0,0,1,0,0,0,0,0,0,1,1,0,1,1,0,0,1,0,0,0,0,0,0,1,1,1,0,0,1,1,1,1,0,0,0,0,0,0,0,1,1,0,0,0,0,0,0,1,0,0,0,1,0,0,0,0,0,0,0,0,1,0,0,0,0,0,1,0,0,1,0,1,0,1,0
429,1,1,1,1,0,0,0,0,0,0,1,1,1,0,1,0,1,1,1,0,1,0,1,1,1,1,1,0,1,0,1,1,1,0,1,1,1,0,0,1,1,0,1,1,1,0,1,1,1,1,0,1,0,1,1,1,1,1,0,0,1,1,0,0,1,0,1,1,1,1,0,0,0,1,1
846,1,0,0,1,0,0,1,0,0,0,1,1,1,0,1,0,0,1,0,0,0,0,1,1,0,1,1,0,1,1,0,1,1,0,0,1,1,1,0,1,0,0,0,1,1,1,1,1,1,1,1,1,0,0,1,0,1,0,1,1,1,1,1,0,1,0,1,1,0,0,1,1,0,0,1
7,1,1,1,0,0,1,1,0,1,1,1,1,1,1,1,1,0,1,0,0,1,0,1,1,1,1,1,0,1,0,0,1,1,1,0,1,1,0,0,1,0,0,0,1,1,0,1,0,1,1,1,1,0,1,1,0,1,0,1,0,1,1,0,1,0,0,1,1,0,1,1,1,1,1,1
94,1,1,1,1,0,1,0,1,0,0,1,1,1,1,1,0,0,1,0,1,1,0,1,1,1,1,0,0,1,0,1,0,1,1,0,1,1,1,0,0,0,0,0,1,0,1,1,0,1,1,1,0,1,0,1,0,1,1,1,0,1,1,1,0,1,0,1,1,1,1,1,1,0,0,1
682,1,0,0,1,0,0,1,1,0,1,1,1,1,1,1,0,1,1,1,0,0,0,1,1,1,1,1,0,1,0,0,1,1,0,0,1,1,0,0,1,1,0,1,0,1,1,1,1,0,0,0,1,0,0,1,0,0,1,1,0,0,1,1,0,1,1,1,1,0,0,0,1,1,0,0
308,1,0,1,1,0,0,1,1,0,0,1,1,1,1,0,0,0,1,0,0,1,0,1,1,1,0,0,0,1,0,1,1,1,1,1,1,1,0,0,1,1,0,0,1,0,1,1,1,0,1,0,1,0,1,1,1,1,1,1,0,1,0,0,0,1,0,1,0,1,1,0,0,0,0,0
92,1,1,1,1,0,0,0,1,0,1,1,0,1,1,1,1,1,1,1,1,1,0,1,1,0,0,1,0,1,0,0,1,0,1,1,0,0,0,0,1,0,0,0,1,0,1,1,0,1,1,0,1,0,0,1,0,0,0,1,0,1,0,1,0,0,0,1,1,1,1,0,1,1,1,0
293,1,0,1,0,0,0,0,0,0,0,1,1,1,0,1,0,0,1,0,1,0,0,0,0,1,1,0,0,1,0,0,0,0,0,0,0,0,1,0,0,0,0,0,1,1,1,1,0,1,0,0,1,0,0,1,0,1,1,1,0,1,1,0,0,0,0,0,1,0,1,1,0,0,1,1
222,1,1,1,1,0,0,1,1,1,0,1,1,1,1,1,1,1,1,1,1,1,0,1,1,0,1,1,0,1,0,1,1,1,1,1,1,1,0,1,1,0,1,0,1,1,1,1,1,0,0,1,1,0,0,1,1,1,1,1,0,1,1,1,0,0,1,1,1,1,1,0,1,1,1,0
201,1,0,1,0,0,0,1,0,0,0,0,1,1,0,1,1,0,1,0,1,1,1,1,0,0,0,0,0,0,0,0,0,1,0,1,1,0,1,0,1,0,0,0,1,1,1,0,0,1,1,0,0,0,1,1,0,1,1,0,0,0,0,1,0,0,0,0,1,1,0,0,0,0,1,0
59,1,0,1,1,0,0,1,0,0,1,1,1,1,1,1,0,0,1,0,1,1,0,1,1,1,1,1,0,1,0,0,1,1,1,1,1,1,0,0,1,1,1,1,1,1,1,1,1,1,1,1,1,1,0,1,0,1,1,1,0,1,1,0,0,0,0,1,1,0,0,1,1,0,0,1
435,1,1,0,1,1,0,1,1,0,0,1,1,1,1,1,0,0,1,0,1,0,1,1,1,0,1,1,1,1,0,1,1,0,1,0,1,1,0,0,1,1,0,0,1,0,1,1,1,1,1,0,1,0,0,1,1,1,1,0,0,0,0,1,1,0,0,1,1,0,0,0,1,0,1,0
378,1,1,1,1,0,1,0,1,1,1,1,0,1,1,1,1,0,1,0,1,1,0,1,1,0,1,0,0,0,1,1,0,1,1,1,1,1,1,0,1,1,1,1,1,1,1,1,0,1,1,1,1,0,1,1,1,0,1,0,1,0,1,0,0,1,0,0,1,0,1,1,0,0,1,0
880,1,1,1,1,1,0,1,1,0,0,1,1,1,0,1,1,1,1,1,0,1,1,1,1,1,0,1,1,0,1,1,1,1,0,1,1,1,1,1,1,1,0,0,0,0,1,1,1,1,1,1,0,1,0,1,1,1,0,0,0,1,1,1,0,1,0,1,0,1,0,0,0,0,1,0
417,0,1,0,0,1,1,0,1,0,0,0,1,1,0,1,0,1,0,0,0,0,0,0,0,1,1,0,1,1,0,0,1,1,0,0,0,0,0,0,0,0,1,1,1,0,1,1,1,1,1,0,1,0,0,1,0,1,1,0,0,1,1,1,0,1,0,1,1,1,1,1,0,1,0,1
896,1,1,0,1,0,0,0,1,0,0,1,1,0,1,1,1,0,1,1,1,1,0,1,1,0,1,1,0,1,0,1,1,0,1,0,1,1,0,0,1,0,0,0,1,1,1,1,0,1,1,0,1,0,1,0,0,0,0,0,0,0,1,0,0,1,0,1,0,0,1,0,1,0,1,0
592,1,1,1,0,0,1,1,1,0,1,1,1,1,1,1,1,1,1,0,1,1,1,1,0,1,1,1,0,1,1,1,1,1,1,1,1,1,1,0,1,0,0,1,1,1,1,1,1,1,1,1,1,0,0,1,1,1,0,1,1,1,1,1,1,1,1,0,1,1,0,1,0,0,1,1
796,1,1,0,1,0,0,0,0,1,1,1,1,1,0,1,1,1,1,1,1,1,1,1,0,1,1,1,1,1,0,1,1,1,0,0,1,1,0,1,1,0,1,1,1,1,1,1,1,0,1,0,1,1,1,1,0,1,0,0,0,0,0,0,1,0,1,0,1,0,1,1,1,1,1,1
758,1,1,1,1,1,1,1,0,0,0,1,1,1,1,1,1,1,1,1,1,1,1,1,1,1,1,1,0,1,1,1,1,0,0,0,0,0,1,0,1,1,0,0,1,1,1,1,1,1,1,1,0,0,0,1,1,0,1,1,0,1,0,0,0,0,0,1,1,1,1,0,0,0,1,1
561,0,0,1,0,0,1,0,0,0,0,1,0,1,1,1,0,0,0,0,0,0,0,0,0,0,1,0,0,1,0,0,0,0,1,1,0,0,1,0,0,0,0,0,1,0,1,0,0,0,0,0,1,0,0,1,0,0,0,1,0,1,0,0,0,1,0,0,1,0,0,0,0,0,0,1
130,1,1,0,1,1,1,1,1,1,1,1,0,1,1,1,1,1,1,1,1,1,1,1,1,0,0,1,1,0,1,1,1,1,0,1,0,1,0,1,1,0,1,0,1,1,1,1,1,1,0,1,1,1,0,1,1,1,1,0,1,0,0,1,1,0,1,0,1,0,0,1,1,1,1,0
406,1,0,1,1,0,0,0,1,0,1,1,1,1,1,1,0,1,1,0,0,1,0,0,1,0,0,1,0,0,0,0,1,0,1,1,1,0,0,0,1,0,0,1,1,0,1,1,0,1,1,0,1,0,0,1,0,1,0,1,0,0,1,0,0,0,0,0,0,0,0,1,0,0,0,1
551,0,1,1,0,1,1,1,0,1,1,1,1,1,1,1,1,1,0,1,1,1,0,1,1,0,0,1,1,1,0,0,1,0,1,1,1,1,0,1,1,0,1,1,1,1,1,1,1,1,0,1,1,1,0,1,1,1,1,1,0,1,1,1,0,1,1,1,1,1,0,1,1,1,1,0
334,1,1,1,1,0,1,0,0,0,0,1,1,1,1,1,1,0,0,1,1,1,0,1,0,1,1,0,0,1,0,1,0,1,1,1,1,1,1,0,0,0,0,0,1,0,0,0,0,0,1,0,1,0,1,1,0,0,1,1,0,1,0,1,0,0,1,0,1,1,1,0,1,0,0,1
804,1,0,1,1,1,0,0,1,0,1,1,0,0,1,1,1,0,1,1,0,1,1,1,1,0,1,1,1,1,0,1,1,0,0,0,1,1,0,1,1,1,1,0,1,1,1,1,1,1,1,1,1,0,0,0,1,1,1,0,0,1,1,0,0,1,0,1,1,0,1,1,1,1,1,1
268,1,0,0,1,0,1,1,0,0,0,1,1,1,1,1,0,1,1,1,0,0,0,0,0,0,1,0,0,1,1,1,1,0,0,0,0,0,1,0,1,0,0,0,1,0,1,0,0,1,1,0,1,0,0,1,0,1,0,1,0,0,1,1,1,0,1,0,0,1,1,0,1,0,1,1
474,1,1,1,1,0,1,0,0,0,1,1,1,1,1,1,1,1,1,1,1,1,1,1,1,0,1,1,0,0,0,0,1,1,1,1,1,1,1,0,1,1,0,1,1,1,1,1,0,1,1,1,1,1,0,1,0,1,0,1,0,1,1,0,0,1,0,1,1,1,0,1,0,0,0,1
889,1,1,1,1,0,0,0,0,0,1,1,1,1,0,1,1,1,1,0,0,1,0,0,1,0,1,0,0,1,1,1,1,1,1,1,1,0,1,0,1,0,0,0,0,1,0,1,0,1,1,1,1,0,0,1,0,1,1,0,0,0,0,1,1,0,0,1,1,1,1,1,0,1,1,1
269,0,0,1,0,0,0,0,0,0,0,0,1,1,0,1,0,0,0,0,0,0,0,0,0,1,0,0,0,1,0,0,0,1,1,1,1,0,0,0,0,0,0,0,0,0,0,1,0,0,1,0,0,0,0,0,0,1,0,1,0,1,0,1,0,0,0,0,0,1,0,1,0,0,0,1
727,1,0,0,0,1,0,0,0,0,1,1,1,0,0,1,0,0,1,0,0,0,0,1,0,0,1,1,1,1,0,0,1,0,0,0,0,1,0,1,1,0,1,0,0,0,1,0,1,0,1,1,1,0,0,1,0,0,0,0,0,0,0,1,0,1,0,1,1,0,1,0,1,1,1,1
399,0,0,0,0,0,0,0,1,0,0,0,0,0,0,1,0,0,0,0,0,0,0,0,0,0,0,0,0,0,0,0,0,0,0,0,1,0,1,1,0,0,0,1,0,0,0,0,0,0,0,0,0,0,0,0,1,0,0,0,1,0,1,0,0,0,0,1,1,1,0,0,0,0,0,0
642,1,0,0,1,1,0,0,1,0,1,1,0,1,0,0,1,1,1,0,1,1,0,0,1,0,1,1,1,1,0,1,0,0,0,0,0,1,0,0,1,0,0,1,0,0,0,1,0,0,1,1,0,0,0,0,1,0,1,0,0,0,1,0,0,0,0,1,0,0,0,0,0,1,0,0
916,1,0,1,1,0,1,0,1,0,0,1,0,1,1,1,0,0,1,0,0,0,0,0,1,0,1,1,0,1,0,0,0,0,1,1,1,1,0,0,0,0,0,0,1,1,1,1,0,1,0,1,1,1,0,1,0,0,1,1,0,1,1,1,0,1,0,0,1,1,0,0,0,0,0,1
145,1,1,1,1,1,0,0,0,0,0,1,0,1,1,1,1,1,1,1,1,0,0,1,0,0,1,1,0,0,1,1,1,0,0,0,0,1,1,1,1,0,0,0,1,1,1,1,1,1,0,0,1,0,0,1,1,0,0,1,0,1,1,1,0,0,0,0,0,0,0,0,1,0,0,0
650,1,0,1,1,0,0,0,0,0,0,1,0,0,1,1,0,1,1,1,1,1,0,0,0,0,1,0,0,1,1,0,1,0,0,0,0,0,0,0,1,0,1,0,1,1,1,0,0,1,1,0,1,0,0,0,0,1,0,1,0,1,0,0,0,0,0,1,1,0,1,1,1,0,0,1
363,1,0,1,1,0,0,1,0,0,0,1,1,1,0,0,0,1,1,1,1,0,1,0,1,1,1,0,0,1,0,0,1,0,0,0,0,0,1,0,1,0,0,0,1,0,1,0,0,0,0,1,1,0,0,1,0,0,0,0,0,1,0,0,0,0,0,0,1,0,0,0,0,0,1,0
151,1,1,0,1,0,1,0,1,1,1,1,0,1,1,1,0,0,1,1,0,1,0,1,1,1,1,1,0,1,0,0,0,1,1,0,1,0,0,0,0,1,0,1,0,1,0,1,1,1,0,1,1,1,1,1,0,1,0,1,0,1,1,0,0,1,0,1,1,0,0,1,1,1,0,1
524,1,0,1,0,0,1,0,0,0,0,1,1,1,0,0,0,0,0,0,0,0,0,1,0,0,1,1,0,0,1,0,0,1,0,0,1,0,1,0,1,0,1,0,0,1,0,0,0,1,1,0,1,1,0,0,0,0,1,0,1,1,1,0,1,1,0,0,0,0,0,1,0,0,0,1
