FirmaID,52757,88109,64670,3350,120333,105628,118605,117567,61375,24349,73320,107321,113309,3347,92879,93712,40640,119476,118047,3190,17226,54690,78845,60249,122524,122806,84355,135310,121352,45337,11734,116600,132426,103081,99522,15050,13972,108855,9608,122572,135218,104356,124010,136020,118725,122526,117016,89666,120843,120336
6567,0,0,0,0,0,0,0,0,107800,0,0,0,0,0,0,0,0,0,0,0,0,0,0,0,0,0,0,0,0,0,0,0,0,0,0,0,0,0,0,0,0,0,0,0,0,0,0,0,0,0
5871,0,296400,0,0,0,344260,0,4260,1600,0,0,0,2170,0,0,0,0,0,0,0,0,0,2850,0,0,0,0,0,0,0,0,0,0,0,0,0,0,0,0,0,0,0,0,0,0,0,0,0,0,4250
4775,0,0,122150,13600,0,0,0,12500,0,0,0,0,0,0,0,0,0,0,0,26650800,0,1164700,0,0,0,0,0,0,0,0,0,0,0,0,0,0,0,0,0,0,0,0,0,0,0,0,0,0,0,0
8179,139000,0,0,0,0,0,0,0,0,644400,0,4000,1000,0,0,0,0,0,0,0,0,0,0,0,0,0,42200,0,0,0,0,0,0,0,0,0,0,0,0,0,0,1800,0,0,0,0,0,0,0,0
974,0,1100,9000,0,0,0,0,0,0,0,0,0,0,0,0,3645,0,5814,0,0,0,0,0,0,0,0,0,0,5120,0,0,0,0,2250,0,0,0,0,0,0,1053,0,0,0,0,0,0,0,0,1500
713,0,0,0,0,0,0,0,0,0,0,0,1375,0,0,0,0,0,0,0,0,0,0,0,0,0,0,0,0,0,0,0,0,0,0,0,0,0,0,0,0,0,0,0,0,0,0,0,0,0,0
3797,655500,0,0,0,0,0,0,0,0,0,0,1000,2400,0,0,684500,0,500,0,0,0,0,2400,0,0,0,0,0,0,0,0,0,0,0,2500,0,0,0,0,0,0,0,0,0,0,0,0,0,0,0
5096,0,0,0,0,0,0,0,0,0,0,0,0,0,0,0,0,0,0,0,0,0,0,0,0,0,0,0,0,0,0,74200,0,0,0,0,0,8000,0,0,0,0,0,0,0,0,0,0,0,0,0
5815,0,0,0,0,0,0,0,0,0,0,0,0,0,0,0,0,0,0,0,0,0,0,0,0,24000,0,0,0,0,0,0,0,0,0,0,0,0,0,0,0,0,0,0,0,0,27600,0,0,0,0
2027,0,259270,500,0,0,0,0,1200,0,19600,0,0,0,0,0,0,0,0,0,331835,0,0,0,0,0,0,0,0,0,0,0,0,0,0,0,0,0,0,0,0,0,0,0,900,0,0,0,0,0,0
897,1412642,0,0,0,165000,0,0,0,0,0,0,0,0,0,0,0,0,0,0,0,0,0,0,0,0,0,0,0,0,134760,0,0,1148988,0,0,0,0,0,0,0,0,0,0,0,0,0,0,0,0,0
872,0,0,0,0,0,0,17850,0,1200,0,0,0,0,0,0,0,1300,0,0,0,0,0,0,0,0,0,0,0,0,0,0,0,1600,0,0,0,0,0,0,7500,0,0,0,0,0,0,1300,0,0,0
9975,44000,0,0,0,0,4500,600,0,0,0,0,0,0,0,0,0,0,0,0,0,0,0,0,0,0,0,0,0,0,0,0,0,0,0,0,0,0,0,0,0,0,0,0,0,0,0,0,0,0,0
3008,0,0,0,16000,0,0,1900,0,0,0,0,0,0,0,0,0,0,0,0,0,0,21450,0,0,0,0,0,0,0,0,0,0,0,0,0,0,0,0,0,0,0,0,0,0,0,0,0,0,0,0
2537,0,0,24000,0,0,0,0,0,0,1508500,0,0,0,0,500,0,0,0,0,0,0,0,0,0,0,0,0,0,0,0,0,0,0,0,0,0,0,900,0,0,0,0,0,2500,0,0,0,0,0,0
2842,8000,0,0,0,0,0,0,0,0,0,0,0,0,0,0,371450,0,0,1000,0,0,0,0,0,0,0,0,0,0,0,0,0,0,0,17600,0,0,0,0,0,0,0,0,0,0,0,0,0,0,0
6885,0,1600,0,18000,0,0,0,0,35905599,0,0,0,0,0,0,0,0,0,0,0,0,0,0,0,0,0,0,0,0,0,0,0,0,0,0,0,0,2780,0,0,0,0,2980,0,0,0,0,0,0,0
5336,0,0,0,0,0,0,0,0,11500500,0,0,0,0,0,0,0,0,0,0,0,0,0,20500,0,0,0,0,0,0,0,0,0,0,0,0,0,0,0,0,0,0,0,0,0,0,0,0,0,0,0
6372,0,22350,0,0,0,0,0,0,0,16500,0,0,0,36600,5000,0,0,0,0,1000,0,0,0,0,0,0,0,0,0,0,0,0,0,0,0,0,0,0,3821500,0,0,0,0,0,0,0,0,0,0,0
9206,0,0,0,0,0,0,0,0,0,0,0,0,0,0,0,0,0,0,0,0,0,0,0,0,550,0,0,0,0,0,0,0,0,0,0,0,0,0,0,0,0,0,0,0,0,0,0,0,0,0
666,7500,0,0,0,0,0,0,0,0,0,0,0,0,0,0,0,2900,0,0,0,0,0,0,0,0,0,0,0,0,0,0,0,0,0,0,0,0,0,0,0,0,0,0,0,0,0,0,0,0,0
9151,0,1000,0,0,0,0,2000,0,13500,0,0,0,0,0,0,0,0,3000,0,0,0,0,9000,0,0,0,0,0,0,0,0,0,0,0,1000,0,0,0,0,0,0,1000,0,0,0,0,0,0,0,0
7094,0,0,0,0,0,0,0,0,0,0,0,0,0,0,0,0,0,0,0,0,0,0,0,0,0,0,0,0,0,0,0,0,0,0,0,0,0,0,0,0,0,0,0,0,0,0,0,3200,0,0
964,0,0,1078920,37840,0,0,34302,1200,0,0,0,0,0,0,0,0,0,0,0,0,0,0,0,0,0,0,0,0,0,0,0,0,0,0,0,0,900,0,0,0,0,0,0,0,0,0,0,0,0,0
6209,0,1000,0,0,0,0,0,0,0,0,0,0,4000,0,0,0,43500,0,0,0,10000,0,0,0,0,0,0,0,0,0,0,0,0,0,0,0,0,0,0,0,700,0,0,0,0,0,0,0,0,0
1677,7000,0,0,0,0,0,0,0,0,0,0,0,0,0,0,0,0,0,0,0,0,0,0,0,0,0,0,0,0,0,0,0,0,0,0,0,0,0,0,0,0,0,0,0,0,0,0,7600,0,0
3331,0,0,0,0,0,0,0,3800,0,0,0,0,0,0,0,0,0,0,0,0,0,0,0,0,650,0,0,0,0,0,0,0,0,0,0,0,0,0,0,0,0,0,0,0,0,0,950,0,0,0
6432,0,0,0,0,184950,0,87300,0,0,0,0,0,0,850,0,0,0,0,97000,0,0,0,0,0,0,7450,0,0,0,0,0,0,0,0,0,0,0,0,0,0,0,0,35500,0,0,0,0,0,0,0
9319,0,0,0,0,0,0,0,0,0,0,0,0,0,0,0,0,0,0,0,0,0,0,0,0,0,0,0,0,0,0,0,1000,0,0,0,0,0,0,0,0,0,0,0,0,0,0,0,0,0,0
7091,0,0,0,0,0,0,0,0,0,0,0,0,0,0,0,0,0,0,224000,0,0,0,0,0,0,0,0,0,0,0,0,0,0,0,0,0,0,0,0,0,9229300,0,0,0,0,0,0,0,0,0
